userid,version,sum_gamerounds,retention_1,retention_7
12053,gate_30,11,True,False
13872,gate_30,1,False,False
20940,gate_40,1,False,False
25332,gate_30,152,True,True
27605,gate_30,19,True,False
34647,gate_40,8,False,False
36673,gate_30,5,False,False
37155,gate_40,3,False,False
37303,gate_30,177,True,True
42758,gate_40,11,True,False
51155,gate_30,34,False,False
58813,gate_40,1,False,False
65452,gate_30,16,False,False
69927,gate_30,1906,True,True
76133,gate_30,50,False,False
76895,gate_40,5,False,False
77172,gate_30,0,False,False
82937,gate_40,28,False,False
84816,gate_40,11,True,False
87098,gate_40,2,False,False
87410,gate_30,26,False,False
99252,gate_40,48,True,False
99631,gate_40,9,True,False
102573,gate_40,34,False,False
103308,gate_40,3,False,False
108608,gate_30,7,False,False
114859,gate_30,23,False,False
116793,gate_40,275,True,True
117868,gate_30,190,True,False
118654,gate_40,192,False,True
124004,gate_30,16,False,False
127487,gate_30,200,True,True
129156,gate_40,15,False,False
132928,gate_40,139,True,True
137520,gate_30,9,True,False
144553,gate_30,9,False,False
146981,gate_40,12,False,False
147507,gate_40,7,False,False
149272,gate_40,42,False,True
150936,gate_40,2,False,False
153715,gate_40,7,False,False
154490,gate_40,117,True,True
155074,gate_30,9,True,False
157149,gate_40,1,False,False
159637,gate_30,2,False,False
177477,gate_40,36,True,False
182409,gate_40,2,False,False
183758,gate_30,23,True,False
188813,gate_30,27,True,False
195667,gate_40,17,False,False
196073,gate_30,53,True,True
202542,gate_30,26,True,False
205938,gate_30,29,True,False
211196,gate_30,0,False,False
212593,gate_40,83,True,False
215414,gate_30,2,False,False
223761,gate_30,183,True,False
227739,gate_40,11,False,False
228599,gate_30,7,False,False
228723,gate_40,299,True,True
229306,gate_30,27,False,False
238069,gate_40,256,True,True
238817,gate_30,2,False,False
241792,gate_40,75,True,False
243889,gate_30,1,False,False
249044,gate_40,3,False,False
253657,gate_40,386,True,True
255657,gate_40,187,True,True
256036,gate_40,3,False,False
258612,gate_30,277,True,True
263338,gate_30,11,False,False
269182,gate_30,312,True,True
269552,gate_40,23,True,True
274744,gate_30,37,True,False
278480,gate_40,0,False,False
279879,gate_30,5,False,False
286331,gate_40,8,False,True
287656,gate_40,9,False,False
287845,gate_40,10,False,False
299394,gate_40,6,False,False
300711,gate_40,98,True,False
300878,gate_40,1,False,False
301461,gate_30,13,False,False
304618,gate_40,83,False,True
306355,gate_30,5,False,False
306691,gate_40,11,True,False
320190,gate_40,20,True,False
323628,gate_40,144,True,True
330173,gate_30,2,False,False
330203,gate_40,5,True,False
332108,gate_30,1,False,False
341402,gate_40,33,False,False
342058,gate_30,1,False,False
346884,gate_30,6,False,False
351078,gate_40,2,False,False
353367,gate_40,18,True,False
355680,gate_30,253,True,False
358649,gate_40,19,True,False
359234,gate_40,5,False,False
359399,gate_30,30,True,False
363086,gate_30,3,False,False
365570,gate_30,113,True,True
366880,gate_30,34,True,True
367541,gate_40,21,True,False
375205,gate_30,206,True,False
380206,gate_40,1,False,False
387127,gate_40,6,False,False
395411,gate_40,45,True,False
398917,gate_30,34,True,False
405190,gate_30,15,True,False
405380,gate_40,50,True,True
413749,gate_30,17,False,False
414800,gate_30,31,True,True
436913,gate_30,3,False,False
439010,gate_40,0,False,False
444112,gate_30,18,True,False
445266,gate_30,97,True,True
450969,gate_30,29,False,False
451838,gate_40,15,False,False
455957,gate_30,256,False,True
460918,gate_40,9,False,False
461975,gate_30,56,True,False
465169,gate_30,3,False,False
465962,gate_30,8,False,False
469757,gate_40,3,True,False
471288,gate_30,4,False,False
474853,gate_30,4,False,False
476646,gate_40,56,False,True
476680,gate_40,6,False,False
483733,gate_40,35,True,False
483804,gate_30,1,True,True
484362,gate_40,18,True,False
487023,gate_30,0,False,False
490062,gate_30,153,False,True
491219,gate_40,1,False,False
508017,gate_30,11,False,False
517022,gate_40,15,False,True
517843,gate_40,8,False,False
519116,gate_30,53,True,False
520069,gate_30,20,False,False
521160,gate_30,4,False,False
522691,gate_30,67,True,True
526419,gate_30,38,True,True
528276,gate_40,0,False,False
540172,gate_30,12,True,False
542871,gate_30,81,True,True
548293,gate_40,6,False,False
551957,gate_40,154,True,False
559330,gate_30,7,False,False
559578,gate_40,0,False,False
560899,gate_40,13,False,False
561750,gate_30,306,True,True
563974,gate_40,8,False,False
566360,gate_40,7,True,False
572564,gate_40,60,False,True
578725,gate_40,10,True,False
586018,gate_30,5,False,False
592494,gate_30,6,False,False
594939,gate_30,35,True,False
600287,gate_40,34,True,False
602539,gate_40,160,True,True
603694,gate_40,66,True,False
603975,gate_40,0,False,False
604449,gate_40,21,True,False
608232,gate_30,18,False,False
615262,gate_30,7,False,False
621110,gate_30,24,False,False
622261,gate_40,36,True,False
624301,gate_40,1,False,False
628503,gate_30,58,True,False
631514,gate_30,1,False,False
631930,gate_30,144,True,False
632579,gate_30,89,True,True
632815,gate_30,33,True,False
632818,gate_40,4,True,False
636805,gate_40,117,False,False
638314,gate_40,212,True,True
640979,gate_40,13,True,False
644320,gate_40,599,True,True
646201,gate_30,28,False,False
648248,gate_40,3,False,False
652196,gate_30,384,True,True
662561,gate_40,6,False,False
673867,gate_40,18,True,False
679228,gate_30,27,False,False
680854,gate_30,15,False,False
682101,gate_40,38,True,False
683615,gate_40,14,False,False
689374,gate_40,52,True,False
689517,gate_40,4,False,False
695279,gate_30,27,False,False
698186,gate_40,5,False,False
699366,gate_30,313,True,False
700635,gate_40,239,True,True
701836,gate_30,381,True,False
703485,gate_30,0,False,False
709278,gate_30,439,True,True
710417,gate_30,7,False,False
712678,gate_30,59,True,False
714168,gate_30,2,True,False
717454,gate_40,9,False,False
720716,gate_40,30,True,False
727206,gate_40,43,True,True
733104,gate_40,92,True,True
737755,gate_40,80,False,False
739553,gate_40,14,True,False
740944,gate_30,0,False,False
741625,gate_30,4,False,False
745202,gate_40,94,False,False
750144,gate_30,222,True,True
754674,gate_30,9,False,False
756770,gate_30,23,False,False
760285,gate_30,105,True,True
765373,gate_30,50,True,True
767267,gate_40,7,False,False
767441,gate_40,12,False,False
768322,gate_40,412,True,True
769988,gate_30,0,False,False
773499,gate_40,74,False,False
779842,gate_40,14,False,False
783754,gate_40,5,True,False
791107,gate_40,121,True,False
791686,gate_40,19,False,False
791757,gate_40,3,False,False
794472,gate_30,4,False,False
799319,gate_40,129,True,False
800567,gate_30,295,True,True
807046,gate_40,3,False,False
807416,gate_30,0,False,False
808216,gate_40,3,False,False
809434,gate_40,1,False,False
809574,gate_40,68,True,True
811261,gate_40,8,False,False
821395,gate_40,35,True,False
828642,gate_40,0,False,False
833089,gate_40,60,True,False
833757,gate_40,6,False,False
845943,gate_40,88,True,True
846571,gate_30,59,True,False
850256,gate_30,86,True,True
852015,gate_40,103,False,False
853743,gate_40,22,False,False
853855,gate_30,10,True,False
854681,gate_30,4,True,False
857113,gate_30,2,False,False
864974,gate_40,19,False,False
865466,gate_30,27,True,False
865539,gate_30,24,False,False
869149,gate_30,308,True,True
880175,gate_30,14,False,False
888542,gate_40,63,True,False
891077,gate_40,12,False,False
891446,gate_40,113,True,True
891604,gate_30,10,False,False
895364,gate_30,9,False,False
895411,gate_30,66,True,False
895939,gate_30,18,False,False
900863,gate_30,6,True,False
902165,gate_30,50,True,False
906488,gate_40,0,False,False
906510,gate_40,0,False,False
910250,gate_30,12,False,False
910692,gate_40,18,True,False
916409,gate_40,8,True,False
916587,gate_40,23,True,False
917133,gate_30,82,True,False
919913,gate_30,22,True,False
932088,gate_30,26,True,True
934207,gate_40,1,False,False
935940,gate_30,153,True,True
936475,gate_30,6,False,False
939074,gate_40,31,False,False
939131,gate_40,134,True,True
943761,gate_30,13,False,False
945658,gate_40,90,True,False
946807,gate_40,29,False,True
948023,gate_30,21,False,True
961159,gate_30,6,False,False
963563,gate_40,77,False,False
966060,gate_40,8,False,False
966527,gate_30,17,True,False
967570,gate_30,8,False,False
971310,gate_30,18,False,True
971883,gate_30,2,False,False
972815,gate_40,142,True,False
973382,gate_30,117,False,False
976043,gate_30,0,False,False
976882,gate_30,100,True,False
980364,gate_40,20,False,False
985186,gate_30,7,False,False
990033,gate_30,50,True,False
992771,gate_40,35,True,False
993583,gate_40,226,True,True
1001288,gate_40,49,True,True
1006508,gate_30,25,True,True
1008220,gate_40,103,True,True
1008253,gate_40,2,False,False
1012505,gate_40,77,True,True
1012693,gate_30,55,True,True
1012792,gate_30,15,False,False
1020582,gate_40,25,True,False
1020787,gate_40,8,True,False
1024548,gate_40,1,False,False
1029818,gate_40,1,False,False
1033659,gate_40,139,True,True
1037937,gate_40,0,False,False
1039605,gate_40,0,False,False
1040897,gate_40,94,True,False
1044113,gate_40,4,True,False
1044934,gate_30,9,False,False
1046577,gate_30,44,True,False
1051938,gate_30,1,False,False
1055806,gate_40,53,True,False
1058230,gate_30,29,True,False
1062997,gate_40,72,True,True
1063842,gate_30,15,False,False
1064639,gate_30,3,False,False
1071128,gate_30,1063,True,True
1079912,gate_40,19,False,False
1080667,gate_30,5,False,False
1081294,gate_30,19,False,False
1084155,gate_30,54,True,True
1087305,gate_40,59,True,True
1087310,gate_30,2,False,False
1089927,gate_40,9,False,False
1090165,gate_30,0,False,False
1092122,gate_30,0,False,False
1093460,gate_40,13,True,False
1099627,gate_40,111,True,False
1101526,gate_30,76,False,False
1102950,gate_30,32,True,False
1109845,gate_30,0,False,False
1111268,gate_40,3,True,False
1119462,gate_40,2,False,False
1120451,gate_30,17,True,False
1134640,gate_30,7,False,False
1137375,gate_40,7,False,False
1139929,gate_30,46,True,False
1140827,gate_40,5,False,False
1140865,gate_40,97,True,False
1141837,gate_30,46,True,False
1144326,gate_40,2,False,False
1155489,gate_40,6,False,False
1157338,gate_30,15,False,False
1162254,gate_30,1,False,False
1165607,gate_30,14,True,False
1167938,gate_30,20,False,False
1169389,gate_30,12,True,False
1174091,gate_40,154,True,True
1174520,gate_40,515,True,True
1176495,gate_40,5,False,False
1177830,gate_40,4,False,False
1178924,gate_40,610,True,True
1181193,gate_30,177,True,False
1183896,gate_40,1,False,False
1189534,gate_30,18,True,False
1190968,gate_30,6,False,False
1197449,gate_40,146,False,True
1200323,gate_30,32,False,True
1200604,gate_40,147,True,True
1202665,gate_30,0,False,False
1205695,gate_30,24,False,False
1206001,gate_30,1,False,False
1207142,gate_40,71,True,False
1207794,gate_30,4,False,False
1209922,gate_40,1,False,False
1217015,gate_40,42,True,False
1222859,gate_30,3,False,False
1227115,gate_40,52,True,False
1230999,gate_40,79,True,True
1232423,gate_40,83,True,True
1243715,gate_40,1,False,False
1246442,gate_30,4,False,False
1247786,gate_40,44,True,False
1249131,gate_40,45,False,False
1259835,gate_40,10,True,False
1261444,gate_40,103,True,True
1263913,gate_30,1,False,False
1270038,gate_30,40,False,False
1276292,gate_30,1,False,False
1278000,gate_40,24,True,False
1282467,gate_40,26,True,False
1292390,gate_40,5,False,False
1294575,gate_40,1,False,False
1295988,gate_40,4,False,False
1298016,gate_30,12,False,False
1298387,gate_30,208,True,True
1299320,gate_40,35,True,False
1299572,gate_40,9,False,False
1299702,gate_30,223,True,True
1301436,gate_40,12,False,False
1303321,gate_30,0,False,False
1306286,gate_30,10,False,False
1309934,gate_40,9,False,False
1311595,gate_30,1,False,False
1313285,gate_40,106,True,True
1313570,gate_40,39,True,False
1324702,gate_40,22,True,False
1332832,gate_40,27,True,False
1333973,gate_40,135,True,True
1345860,gate_30,1,False,False
1348458,gate_30,8,True,False
1354739,gate_40,175,True,False
1356364,gate_40,159,False,True
1361795,gate_40,39,True,False
1363127,gate_30,33,True,False
1367137,gate_30,87,True,False
1373390,gate_30,2,True,False
1383215,gate_40,7,False,False
1385280,gate_40,21,False,False
1387730,gate_40,10,False,False
1388106,gate_30,2,False,False
1389771,gate_40,120,True,True
1393691,gate_40,66,True,True
1396998,gate_40,37,True,False
1398531,gate_40,1,False,False
1402922,gate_40,74,True,False
1412387,gate_40,174,True,False
1412473,gate_40,120,True,False
1416674,gate_40,22,True,False
1416868,gate_40,9,False,False
1417917,gate_30,69,True,False
1436300,gate_40,2,False,False
1440296,gate_40,5,False,False
1453543,gate_40,750,True,True
1456463,gate_40,2,False,False
1457321,gate_40,2,False,False
1459154,gate_30,47,False,False
1459366,gate_30,6,True,False
1465011,gate_30,2,False,False
1473243,gate_30,27,True,False
1476730,gate_40,0,False,False
1483307,gate_40,3,False,False
1489735,gate_30,17,False,True
1493640,gate_30,9,False,False
1496162,gate_30,4,False,False
1498878,gate_40,200,False,False
1499325,gate_30,18,False,False
1502058,gate_40,63,True,False
1503643,gate_30,17,False,False
1504243,gate_30,275,True,False
1512274,gate_30,90,True,False
1516978,gate_40,25,False,False
1517842,gate_30,6,False,False
1522695,gate_30,5,False,False
1525135,gate_40,2,False,False
1531689,gate_40,6,False,False
1535400,gate_40,21,False,False
1540217,gate_30,20,True,False
1540921,gate_30,6,False,False
1543490,gate_30,85,True,False
1544007,gate_40,1,False,False
1544498,gate_40,33,True,False
1545988,gate_30,18,False,True
1552464,gate_30,36,False,False
1556815,gate_40,400,True,True
1560581,gate_30,0,False,False
1566889,gate_30,25,False,False
1568645,gate_30,10,True,True
1569131,gate_40,204,False,True
1577902,gate_40,105,True,False
1583966,gate_40,49,True,False
1598122,gate_30,215,True,True
1607961,gate_30,14,True,False
1608469,gate_30,26,False,False
1612367,gate_40,71,False,True
1616555,gate_40,63,False,False
1620689,gate_40,72,False,True
1625450,gate_30,69,True,True
1636935,gate_40,16,False,True
1638552,gate_40,6,False,False
1640131,gate_30,5,False,False
1654927,gate_40,26,False,False
1657635,gate_30,126,True,True
1659394,gate_40,12,False,False
1661368,gate_30,16,True,False
1667596,gate_30,11,False,False
1669647,gate_30,6,False,False
1672148,gate_30,43,True,False
1674318,gate_40,46,False,False
1681813,gate_30,0,False,False
1695374,gate_30,4,False,False
1696165,gate_40,10,True,False
1715619,gate_40,15,False,True
1715747,gate_30,64,True,False
1716005,gate_30,15,False,False
1716985,gate_30,3,False,False
1717960,gate_40,8,False,False
1720241,gate_30,1,False,False
1732572,gate_30,4,False,False
1734241,gate_30,181,True,True
1735389,gate_30,0,False,False
1742943,gate_30,4,False,False
1746090,gate_40,38,False,False
1746091,gate_40,32,True,False
1765582,gate_40,60,True,False
1773278,gate_30,38,True,False
1773436,gate_30,66,True,True
1782362,gate_40,1,False,False
1789312,gate_30,6,False,False
1792652,gate_30,5,False,True
1795142,gate_30,4,False,False
1803930,gate_40,158,True,False
1804773,gate_30,1,False,False
1809512,gate_30,3,False,False
1810646,gate_30,4,False,False
1819048,gate_40,8,True,False
1827030,gate_40,82,True,False
1833325,gate_40,151,True,True
1838619,gate_40,8,False,False
1839574,gate_30,3,False,False
1839792,gate_30,54,True,True
1842800,gate_40,4,False,False
1851607,gate_30,1,False,False
1862072,gate_40,96,False,False
1868699,gate_30,0,False,False
1878641,gate_30,31,True,False
1878995,gate_30,0,False,False
1879011,gate_30,3,False,False
1879812,gate_40,38,False,True
1881962,gate_30,103,True,True
1882376,gate_40,24,False,False
1886094,gate_40,97,True,False
1891870,gate_40,1,False,False
1893035,gate_30,15,False,False
1896707,gate_30,45,False,False
1906389,gate_40,33,True,False
1910066,gate_30,1,False,False
1916074,gate_40,3,False,False
1919208,gate_40,6,False,False
1921560,gate_30,28,False,True
1925249,gate_30,22,True,False
1925646,gate_30,8,False,False
1926623,gate_30,2,False,False
1932460,gate_40,22,True,False
1934997,gate_30,72,True,False
1947327,gate_40,38,False,False
1947636,gate_40,21,True,False
1959154,gate_30,62,True,False
1961863,gate_40,1,False,False
1962291,gate_30,25,True,False
1964187,gate_40,63,True,False
1964811,gate_40,16,True,False
1971063,gate_40,155,True,True
1972277,gate_30,7,False,False
1982519,gate_40,2,True,False
1992737,gate_40,191,True,True
1999775,gate_40,5,True,False
2004931,gate_30,93,False,True
2005068,gate_30,32,True,False
2006736,gate_40,107,True,False
2006773,gate_30,40,True,False
2006783,gate_40,4,False,False
2009437,gate_30,5,False,False
2009840,gate_40,0,False,False
2020849,gate_30,809,False,True
2030386,gate_30,40,True,False
2036992,gate_40,12,False,False
2041074,gate_40,1,False,False
2041710,gate_40,40,False,True
2043943,gate_40,10,True,False
2051172,gate_30,80,True,True
2052607,gate_40,25,False,False
2059592,gate_30,40,True,True
2061225,gate_40,10,False,False
2064471,gate_30,20,False,False
2071481,gate_40,107,True,True
2073006,gate_30,7,True,False
2075870,gate_40,1075,True,True
2077083,gate_30,206,True,True
2095098,gate_30,8,False,False
2096822,gate_40,12,True,False
2098332,gate_40,15,False,True
2099538,gate_30,5,False,False
2101447,gate_30,18,True,False
2105739,gate_40,137,True,True
2109106,gate_30,18,False,False
2109502,gate_30,22,True,False
2113813,gate_40,29,True,False
2115662,gate_40,15,False,False
2115859,gate_30,7,True,False
2116725,gate_40,18,True,False
2120540,gate_40,6,True,False
2127351,gate_40,16,False,False
2132393,gate_40,15,False,False
2134690,gate_40,1,False,False
2135312,gate_40,24,False,True
2138205,gate_30,16,False,False
2142421,gate_40,9,True,False
2156182,gate_30,5,False,False
2157870,gate_30,20,True,False
2161289,gate_30,2,False,False
2166310,gate_40,91,True,False
2168738,gate_40,113,True,True
2175045,gate_30,12,False,True
2183586,gate_40,15,True,False
2185511,gate_40,64,True,False
2187553,gate_40,16,True,False
2191879,gate_40,1,False,False
2194833,gate_40,27,True,False
2195717,gate_40,38,True,False
2200262,gate_30,7,False,False
2202680,gate_30,7,False,False
2207325,gate_40,15,False,False
2208560,gate_40,24,False,False
2211499,gate_40,37,True,False
2214734,gate_30,7,True,False
2215417,gate_40,9,False,False
2217309,gate_40,5,False,False
2231104,gate_40,52,True,True
2232487,gate_40,189,False,False
2239879,gate_30,0,True,False
2241970,gate_40,13,False,False
2250751,gate_40,14,True,False
2251750,gate_30,0,False,False
2254391,gate_40,10,False,True
2262037,gate_40,62,True,False
2262441,gate_40,51,False,False
2262813,gate_40,49,True,True
2269466,gate_40,103,True,True
2273833,gate_30,6,False,False
2276209,gate_40,8,False,False
2281328,gate_30,28,True,False
2285360,gate_30,8,False,False
2290721,gate_30,24,False,False
2293010,gate_40,2,False,False
2296177,gate_30,1,False,False
2300532,gate_30,56,True,True
2300598,gate_30,3,False,False
2300735,gate_40,21,True,False
2301480,gate_40,304,True,True
2302025,gate_40,11,False,False
2305116,gate_30,69,False,False
2308041,gate_40,42,True,False
2317257,gate_30,40,True,False
2320915,gate_30,17,False,False
2326904,gate_40,351,True,True
2327781,gate_40,10,False,False
2333449,gate_40,166,True,False
2334076,gate_30,0,False,False
2337229,gate_40,35,False,False
2345476,gate_30,5,False,False
2346628,gate_40,4,False,False
2348850,gate_30,0,False,False
2350087,gate_40,7,False,False
2358354,gate_30,91,True,False
2364192,gate_40,62,True,False
2366850,gate_40,45,True,False
2367622,gate_40,2,False,False
2367816,gate_40,1,False,False
2367961,gate_40,2,False,False
2369522,gate_30,24,True,False
2375183,gate_30,2,False,False
2376373,gate_40,38,True,False
2378621,gate_30,8,False,False
2382568,gate_30,1,False,False
2387433,gate_40,27,False,False
2393577,gate_30,37,True,True
2394274,gate_40,10,False,False
2394280,gate_30,2,False,False
2396576,gate_30,4,False,False
2399229,gate_40,3,False,False
2400840,gate_30,35,True,False
2401728,gate_40,31,True,False
2402114,gate_40,23,False,False
2402974,gate_30,45,True,False
2404075,gate_40,9,False,False
2408080,gate_40,18,True,False
2408629,gate_30,16,True,False
2416904,gate_30,7,True,False
2419271,gate_30,6,False,False
2419411,gate_40,5,False,False
2420929,gate_30,4,True,False
2423720,gate_40,26,True,False
2427226,gate_30,8,False,False
2429875,gate_40,39,True,True
2436480,gate_40,109,True,False
2438029,gate_40,5,False,False
2439910,gate_40,158,True,True
2446440,gate_30,16,False,False
2446884,gate_40,13,False,False
2451698,gate_40,184,True,False
2467016,gate_30,8,False,False
2469027,gate_30,20,True,False
2475384,gate_40,0,False,False
2480226,gate_40,18,False,False
2480797,gate_30,39,True,False
2481707,gate_40,5,False,False
2484885,gate_30,40,True,False
2484992,gate_30,76,True,False
2494533,gate_40,29,True,False
2495041,gate_30,2,False,False
2496173,gate_40,18,True,False
2496864,gate_40,7,False,False
2502985,gate_30,19,True,False
2504332,gate_40,201,True,True
2504501,gate_40,14,False,False
2510499,gate_40,30,True,False
2510618,gate_40,19,False,False
2516047,gate_40,12,True,False
2517935,gate_40,84,True,False
2522321,gate_30,77,True,False
2522899,gate_30,120,True,False
2524137,gate_40,31,True,False
2531415,gate_30,799,True,True
2533545,gate_30,6,True,False
2533572,gate_30,117,True,True
2533715,gate_40,81,True,True
2534305,gate_40,67,False,True
2540079,gate_40,21,False,False
2548383,gate_40,31,False,True
2553999,gate_30,16,False,False
2562349,gate_40,3,False,False
2562507,gate_30,149,True,True
2564521,gate_30,183,True,True
2564816,gate_30,15,False,False
2579460,gate_30,13,False,False
2583238,gate_40,20,True,False
2591863,gate_40,54,True,False
2592293,gate_40,6,False,False
2592782,gate_40,44,True,True
2594342,gate_30,24,False,False
2596994,gate_30,7,False,False
2597968,gate_40,33,False,False
2601342,gate_40,86,True,False
2618439,gate_40,5,False,False
2619815,gate_30,14,True,True
2621117,gate_40,19,False,True
2622017,gate_40,228,True,True
2622826,gate_30,0,False,False
2623381,gate_30,1,False,False
2627517,gate_30,4,True,False
2628597,gate_40,16,False,False
2642870,gate_30,43,False,False
2643168,gate_30,31,False,False
2645427,gate_30,3,False,False
2647277,gate_30,0,False,False
2648644,gate_30,3,True,False
2650232,gate_30,0,False,False
2655490,gate_30,40,True,True
2655538,gate_40,4,False,False
2658707,gate_30,96,True,True
2668051,gate_40,117,True,False
2669882,gate_40,2,False,False
2670513,gate_30,34,True,False
2675557,gate_40,12,True,False
2681298,gate_40,7,False,False
2683177,gate_30,1,False,False
2690635,gate_30,66,True,False
2694184,gate_30,10,False,False
2696645,gate_40,2,False,False
2697404,gate_40,190,True,False
2698653,gate_30,43,True,False
2701114,gate_40,11,True,False
2701450,gate_30,3,False,False
2703462,gate_30,220,True,True
2710125,gate_30,46,True,True
2710585,gate_40,23,False,False
2711580,gate_40,139,True,False
2713869,gate_40,7,False,False
2717395,gate_40,30,True,True
2718564,gate_40,30,True,False
2721298,gate_30,6,False,False
2725134,gate_30,24,False,True
2731045,gate_40,6,False,False
2740805,gate_40,5,False,False
2749949,gate_40,511,True,True
2754732,gate_30,45,True,False
2761460,gate_40,54,True,True
2767030,gate_30,42,True,False
2772262,gate_40,7,False,False
2772358,gate_30,33,False,False
2773959,gate_40,35,True,False
2783452,gate_30,68,False,True
2788746,gate_30,1,False,False
2792406,gate_30,36,True,False
2795896,gate_30,39,False,False
2803716,gate_40,57,True,True
2804567,gate_30,17,False,False
2807882,gate_40,9,False,False
2814371,gate_30,16,False,False
2818429,gate_40,52,True,False
2819108,gate_40,0,False,False
2821590,gate_30,17,True,False
2822472,gate_30,153,True,True
2826206,gate_40,43,True,True
2826927,gate_30,41,True,False
2829736,gate_40,4,False,False
2831967,gate_30,33,False,True
2834489,gate_40,18,False,False
2843785,gate_30,149,True,False
2847857,gate_40,7,True,False
2849118,gate_30,40,True,False
2855411,gate_40,3,False,False
2855880,gate_40,7,False,False
2858705,gate_30,114,True,True
2861986,gate_30,213,True,True
2868542,gate_40,20,False,False
2869671,gate_30,13,False,False
2873616,gate_40,11,True,False
2875312,gate_30,69,True,False
2875941,gate_30,11,False,False
2876251,gate_30,1,False,False
2877439,gate_30,86,True,False
2881928,gate_40,42,True,True
2886661,gate_30,21,True,False
2889989,gate_40,47,True,False
2890775,gate_40,28,True,False
2891227,gate_30,67,False,False
2891674,gate_30,0,False,False
2894227,gate_40,22,True,False
2901902,gate_30,190,True,True
2903246,gate_30,11,True,True
2904836,gate_40,2,False,False
2905359,gate_30,17,False,False
2905819,gate_30,59,False,True
2907308,gate_40,0,False,False
2909682,gate_30,71,False,True
2909835,gate_40,5,False,False
2910850,gate_30,4,True,False
2911257,gate_40,4,False,False
2920665,gate_30,0,False,False
2921123,gate_30,110,True,False
2927052,gate_30,12,True,False
2929231,gate_40,11,False,False
2930389,gate_30,14,True,False
2933655,gate_40,58,True,False
2940103,gate_30,26,True,False
2940474,gate_30,14,False,False
2942923,gate_30,10,True,False
2945256,gate_40,85,True,False
2946633,gate_40,8,False,False
2947474,gate_30,17,False,False
2948888,gate_40,46,True,False
2949081,gate_30,7,False,False
2949863,gate_40,96,True,False
2949963,gate_40,5,False,False
2952857,gate_40,24,True,False
2956166,gate_30,15,True,False
2956268,gate_30,76,True,False
2957374,gate_40,54,False,False
2958608,gate_30,159,True,True
2960756,gate_40,42,False,False
2961712,gate_40,91,True,False
2961802,gate_30,1,True,False
2969724,gate_40,24,False,False
2972161,gate_40,1,False,False
2974577,gate_30,4,True,False
2977191,gate_30,5,False,False
2978492,gate_30,131,True,False
2980873,gate_40,32,True,False
2995213,gate_40,76,True,True
3004251,gate_40,138,True,True
3006239,gate_30,3,False,False
3009696,gate_40,5,False,False
3011135,gate_30,6,False,False
3016173,gate_40,4,True,False
3018892,gate_40,0,False,False
3021730,gate_30,128,True,False
3027194,gate_30,154,False,False
3027283,gate_40,4,False,False
3031690,gate_40,11,True,False
3033325,gate_30,11,True,False
3036481,gate_30,13,True,False
3036953,gate_30,4,False,False
3041829,gate_30,0,False,False
3044065,gate_30,25,False,False
3044812,gate_40,56,True,False
3048110,gate_30,24,True,False
3050058,gate_40,129,True,True
3052576,gate_30,5,False,False
3057727,gate_40,1,False,False
3059600,gate_30,12,False,False
3066141,gate_40,4,False,False
3071120,gate_30,7,False,False
3071251,gate_40,3,False,False
3073062,gate_30,49,True,False
3078405,gate_30,105,False,False
3089053,gate_30,1,False,False
3090272,gate_30,223,True,True
3095209,gate_30,8,True,False
3095951,gate_40,20,False,False
3096129,gate_40,41,True,False
3097077,gate_40,6,False,False
3099196,gate_40,21,False,False
3102975,gate_30,192,True,True
3103890,gate_40,0,False,False
3105859,gate_40,214,True,True
3108141,gate_30,1,False,False
3111075,gate_30,47,False,False
3111666,gate_30,9,False,False
3117635,gate_30,0,False,False
3127979,gate_40,12,True,False
3130492,gate_30,26,False,False
3132033,gate_30,113,False,True
3132316,gate_40,6,False,False
3132391,gate_40,4,False,False
3138358,gate_40,0,False,False
3139854,gate_40,3,False,False
3143916,gate_40,13,True,True
3145162,gate_40,9,False,False
3148946,gate_30,1,False,False
3152840,gate_30,103,True,True
3162722,gate_40,393,True,False
3163617,gate_40,723,True,True
3163767,gate_40,84,True,True
3167540,gate_40,188,True,True
3167788,gate_40,5,False,False
3172191,gate_40,38,True,False
3173869,gate_30,65,True,False
3176641,gate_40,53,True,True
3177804,gate_40,26,False,False
3178772,gate_40,13,False,False
3193415,gate_40,4,True,False
3197456,gate_40,89,True,True
3199391,gate_30,8,False,False
3200866,gate_40,5,True,False
3205281,gate_30,4,False,False
3211323,gate_30,72,True,False
3212401,gate_40,59,True,False
3216469,gate_30,34,False,False
3220287,gate_30,38,True,False
3222405,gate_30,24,True,False
3224193,gate_40,48,True,False
3225103,gate_30,38,False,False
3227524,gate_40,15,False,False
3230045,gate_30,30,False,False
3231401,gate_40,17,True,False
3239618,gate_30,40,True,False
3242855,gate_40,64,True,False
3243911,gate_40,1,False,False
3245201,gate_30,3,False,False
3251202,gate_30,11,False,False
3251881,gate_30,201,True,False
3252695,gate_40,4,False,False
3254830,gate_40,378,True,True
3256899,gate_40,69,True,True
3258359,gate_30,14,False,False
3258652,gate_30,1,False,False
3259114,gate_40,13,True,False
3262622,gate_30,2,False,False
3264631,gate_40,1,False,False
3266097,gate_30,2,False,False
3266525,gate_30,9,False,False
3267073,gate_30,2,False,False
3267282,gate_40,40,False,False
3270322,gate_40,11,False,False
3276101,gate_40,15,False,False
3277506,gate_40,16,False,False
3280470,gate_40,29,True,False
3281549,gate_30,19,True,True
3282617,gate_40,11,False,False
3287869,gate_40,13,False,False
3295481,gate_40,17,True,False
3296620,gate_40,52,False,False
3296625,gate_30,6,False,False
3299876,gate_30,34,True,False
3299898,gate_40,11,False,False
3302544,gate_30,3,False,False
3312812,gate_30,1,False,False
3315918,gate_40,37,True,False
3316114,gate_30,11,False,False
3325258,gate_30,75,True,False
3327028,gate_30,82,True,False
3329256,gate_40,8,False,False
3332362,gate_40,89,True,False
3332752,gate_40,451,True,True
3335064,gate_30,34,True,False
3340510,gate_40,20,False,False
3344113,gate_40,45,True,False
3346992,gate_40,185,True,False
3348536,gate_40,6,False,False
3352367,gate_40,66,True,False
3366166,gate_40,118,True,True
3367056,gate_30,164,True,True
3374285,gate_30,1,False,True
3374429,gate_30,46,True,False
3382348,gate_30,1,False,False
3386199,gate_40,96,True,False
3388858,gate_30,4,False,False
3389093,gate_30,6,False,False
3393279,gate_40,56,True,False
3395836,gate_40,19,True,False
3396471,gate_40,10,False,False
3397497,gate_30,23,True,False
3397523,gate_30,205,True,True
3398590,gate_40,3,True,False
3406360,gate_30,37,True,False
3406574,gate_30,34,False,False
3408995,gate_40,11,True,False
3409952,gate_30,3,False,False
3420819,gate_30,30,True,True
3420973,gate_30,1,False,False
3422234,gate_40,9,False,False
3422545,gate_30,27,False,False
3423826,gate_30,7,True,False
3424176,gate_40,3,False,False
3427761,gate_30,86,True,False
3428766,gate_30,3,False,False
3432111,gate_40,6,True,False
3432230,gate_30,63,True,False
3432346,gate_30,48,True,False
3435718,gate_30,2,False,False
3435979,gate_40,1,False,False
3438038,gate_30,406,True,True
3444754,gate_30,32,True,False
3447319,gate_40,7,False,False
3455873,gate_40,60,False,True
3460312,gate_40,14,True,False
3473254,gate_30,35,True,False
3481501,gate_40,2,False,False
3487813,gate_40,2,False,False
3490198,gate_30,19,True,False
3491389,gate_30,0,False,False
3495734,gate_40,159,True,False
3496688,gate_30,48,True,False
3499911,gate_40,24,False,False
3501927,gate_30,0,False,False
3503475,gate_30,91,True,False
3515228,gate_30,2,False,False
3524826,gate_30,14,False,False
3525743,gate_40,26,False,False
3525907,gate_40,167,True,True
3529296,gate_40,47,True,False
3529971,gate_40,6,False,False
3530071,gate_30,9,False,False
3534423,gate_30,7,True,False
3537780,gate_30,25,False,False
3545222,gate_30,45,False,False
3549979,gate_30,4,False,False
3550576,gate_30,32,False,True
3550901,gate_40,12,True,False
3558203,gate_30,5,False,False
3559278,gate_40,35,True,True
3559353,gate_40,217,True,False
3559355,gate_30,13,True,False
3561332,gate_40,0,False,False
3564910,gate_30,9,False,False
3565408,gate_40,62,False,False
3566822,gate_40,45,True,True
3576517,gate_40,3,False,False
3587310,gate_40,18,False,False
3594557,gate_30,22,True,False
3601770,gate_30,226,True,True
3602975,gate_30,0,False,False
3605844,gate_30,5,True,False
3608455,gate_40,107,False,False
3611224,gate_30,6,True,False
3614332,gate_30,112,True,False
3618830,gate_30,141,True,True
3619540,gate_40,14,False,False
3626740,gate_30,88,True,False
3627198,gate_40,7,False,False
3633045,gate_30,183,True,False
3636138,gate_30,62,True,False
3636686,gate_40,6,True,False
3637598,gate_40,12,False,False
3639605,gate_40,16,True,False
3639736,gate_30,1,False,False
3641872,gate_30,3,False,False
3641937,gate_30,14,True,False
3642460,gate_40,7,False,False
3643269,gate_40,17,False,False
3651054,gate_40,19,True,False
3657431,gate_40,53,True,False
3658054,gate_30,13,False,False
3658336,gate_40,416,True,True
3662964,gate_30,1,False,False
3667135,gate_30,121,True,True
3672135,gate_30,281,True,True
3677753,gate_30,43,False,True
3683333,gate_30,105,True,False
3683580,gate_40,13,False,False
3688845,gate_30,52,True,False
3690075,gate_40,1,False,False
3697701,gate_40,53,True,False
3710255,gate_30,50,True,False
3710608,gate_40,9,False,False
3711495,gate_30,58,False,False
3711697,gate_40,106,False,True
3712391,gate_40,7,False,False
3712830,gate_30,70,True,False
3713699,gate_30,0,False,False
3713945,gate_40,0,False,False
3715353,gate_30,136,True,True
3716205,gate_40,18,False,False
3718893,gate_40,112,True,True
3719274,gate_30,28,False,False
3730284,gate_30,4,False,False
3732169,gate_40,25,False,True
3734195,gate_40,5,False,False
3734754,gate_40,10,False,False
3738748,gate_30,23,True,False
3741214,gate_30,11,True,False
3741459,gate_40,4,False,False
3743935,gate_40,97,True,False
3746335,gate_30,33,True,False
3754329,gate_40,134,True,True
3755803,gate_30,9,False,False
3758883,gate_30,5,False,False
3759295,gate_40,6,False,False
3766119,gate_40,165,True,False
3769334,gate_30,16,False,False
3771467,gate_40,253,True,True
3772171,gate_30,42,False,False
3785229,gate_40,191,False,True
3787368,gate_30,3,False,False
3788493,gate_40,18,False,False
3790671,gate_30,11,True,False
3797236,gate_30,16,False,False
3797327,gate_30,20,False,False
3799454,gate_40,32,True,False
3800458,gate_30,7,False,False
3800493,gate_40,160,True,False
3803682,gate_30,1,False,False
3809518,gate_40,37,True,False
3817820,gate_40,5,False,False
3821585,gate_30,1,False,False
3822658,gate_30,7,False,False
3827212,gate_30,9,False,False
3837805,gate_40,9,False,False
3844492,gate_30,30,True,False
3845868,gate_30,74,True,True
3846488,gate_30,3,False,False
3848359,gate_40,348,True,True
3851133,gate_30,5,False,False
3851335,gate_40,16,False,False
3858111,gate_40,26,False,False
3860369,gate_40,20,False,False
3863986,gate_40,7,False,False
3864751,gate_30,1,False,False
3865887,gate_40,0,False,False
3866011,gate_30,1,False,False
3866715,gate_40,160,True,True
3871823,gate_40,2,False,False
3874967,gate_40,13,False,False
3879822,gate_30,4,False,False
3882100,gate_40,1,True,False
3882822,gate_40,49,True,True
3883627,gate_40,4,False,False
3895195,gate_30,31,True,False
3896967,gate_40,44,False,False
3899856,gate_40,134,False,True
3911517,gate_30,20,True,False
3916383,gate_40,4,False,False
3918557,gate_40,10,False,False
3921457,gate_40,253,True,True
3921730,gate_40,107,False,False
3921961,gate_30,8,False,False
3922088,gate_30,19,False,False
3924200,gate_30,6,False,False
3924941,gate_30,6,True,False
3927183,gate_30,7,False,False
3927831,gate_40,56,True,False
3935299,gate_30,17,False,False
3936020,gate_30,5,False,False
3937667,gate_30,185,True,True
3942059,gate_30,88,True,True
3944502,gate_30,5,False,False
3949312,gate_30,25,True,True
3949825,gate_40,57,True,False
3954889,gate_40,95,False,False
3955368,gate_30,1,False,False
3958686,gate_40,1,False,False
3959079,gate_30,10,True,False
3961473,gate_30,15,True,False
3965451,gate_40,16,False,False
3969655,gate_40,21,True,False
3973919,gate_40,7,False,False
3974736,gate_40,408,True,True
3976958,gate_30,69,True,True
3977248,gate_40,15,False,False
3985448,gate_30,72,True,False
3988384,gate_30,33,False,False
3989159,gate_40,6,False,False
3995368,gate_40,34,True,False
3995964,gate_30,39,True,False
3996854,gate_40,1,False,False
4003448,gate_30,25,True,False
4004656,gate_30,26,False,False
4005243,gate_30,0,False,False
4007459,gate_30,220,True,True
4008631,gate_30,5,False,False
4014739,gate_40,3,False,False
4015036,gate_40,5,True,False
4015549,gate_30,50,True,True
4016312,gate_40,2,False,False
4018913,gate_30,47,False,False
4022535,gate_30,126,True,True
4023010,gate_40,17,False,False
4023626,gate_30,62,True,False
4024824,gate_40,195,True,True
4027803,gate_30,2,False,False
4027955,gate_40,0,False,False
4030378,gate_40,7,True,False
4031160,gate_30,4,False,False
4032641,gate_30,26,False,False
4032753,gate_30,26,True,False
4035303,gate_40,3,False,False
4044720,gate_30,62,False,False
4050308,gate_30,10,True,False
4055231,gate_40,5,False,False
4058938,gate_40,27,False,False
4065857,gate_40,38,False,False
4066169,gate_40,16,False,False
4066289,gate_40,10,True,False
4067409,gate_30,1,False,False
4067576,gate_30,26,False,False
4068660,gate_40,8,False,True
4071628,gate_30,144,True,True
4075044,gate_40,254,True,True
4080086,gate_30,18,False,False
4085383,gate_30,2,False,False
4089901,gate_30,1,False,False
4090139,gate_30,33,True,False
4093284,gate_40,0,False,False
4100704,gate_40,95,True,True
4100900,gate_40,139,True,False
4101624,gate_30,88,True,False
4102016,gate_40,20,True,False
4102514,gate_40,18,False,False
4103904,gate_30,126,True,False
4106158,gate_30,2,False,False
4113599,gate_40,43,False,False
4117634,gate_30,25,True,False
4121429,gate_30,2,False,False
4122786,gate_30,17,False,False
4124361,gate_40,29,True,True
4152223,gate_40,8,False,False
4153499,gate_30,39,True,False
4154270,gate_30,30,True,False
4156698,gate_30,55,False,False
4157383,gate_40,5,False,False
4161057,gate_30,9,False,False
4174669,gate_30,4,False,False
4175810,gate_40,6,False,False
4178019,gate_40,74,True,False
4178346,gate_30,605,True,True
4178692,gate_40,61,False,False
4179215,gate_30,7,False,False
4186426,gate_40,2,False,False
4189657,gate_30,142,True,True
4189820,gate_40,1,False,False
4192558,gate_40,5,True,True
4192708,gate_30,0,False,False
4194870,gate_30,35,True,True
4196110,gate_40,20,False,False
4201668,gate_30,148,False,False
4201922,gate_40,43,True,False
4203882,gate_40,2,False,False
4205580,gate_30,7,False,False
4205638,gate_30,0,False,False
4207596,gate_30,346,True,True
4209753,gate_40,8,False,False
4223191,gate_30,15,True,False
4228247,gate_30,5,False,False
4238003,gate_40,19,False,False
4243255,gate_30,604,True,True
4243712,gate_30,9,True,False
4246112,gate_30,123,False,True
4248812,gate_30,12,False,False
4251908,gate_40,26,False,False
4254730,gate_30,3,False,False
4255674,gate_30,34,True,False
4266107,gate_30,1,False,False
4268127,gate_40,0,False,False
4271849,gate_30,5,False,False
4273457,gate_40,8,False,False
4274153,gate_40,3,False,False
4275542,gate_30,150,True,False
4277875,gate_30,468,True,True
4285043,gate_30,3,False,False
4287553,gate_40,141,True,False
4291585,gate_30,3,True,False
4295860,gate_40,2,False,False
4305213,gate_30,114,True,False
4306830,gate_40,64,True,False
4307442,gate_30,95,True,False
4308312,gate_30,9,True,True
4309602,gate_40,88,True,True
4316587,gate_40,260,True,True
4317373,gate_30,79,True,True
4318111,gate_30,6,False,False
4319002,gate_30,114,True,False
4322956,gate_30,15,True,False
4325547,gate_30,39,False,True
4334931,gate_30,7,False,False
4335420,gate_30,34,True,True
4335659,gate_40,229,True,True
4338177,gate_30,70,True,False
4342536,gate_30,8,True,False
4345152,gate_40,65,True,True
4347835,gate_30,11,False,False
4349867,gate_40,430,True,False
4357456,gate_30,104,False,False
4367383,gate_40,4,False,False
4371221,gate_40,55,False,False
4375546,gate_40,161,True,True
4381639,gate_40,8,False,False
4383162,gate_30,23,True,False
4383388,gate_30,6,True,False
4386372,gate_30,155,True,True
4388126,gate_40,11,True,False
4396279,gate_40,4,False,False
4402732,gate_40,103,True,False
4403907,gate_30,25,True,False
4406537,gate_40,320,True,True
4407304,gate_40,4,False,False
4409757,gate_30,8,False,False
4411551,gate_40,9,False,True
4420666,gate_40,19,False,False
4420781,gate_40,124,True,True
4422457,gate_30,7,False,False
4422713,gate_40,126,True,False
4423374,gate_40,96,False,True
4433154,gate_30,11,False,False
4433312,gate_30,14,True,False
4437166,gate_30,294,True,True
4444271,gate_40,247,True,True
4446825,gate_40,2,False,False
4449481,gate_30,51,True,False
4451998,gate_30,41,True,False
4455503,gate_40,11,True,True
4456296,gate_40,2,False,False
4459321,gate_30,20,False,False
4461696,gate_30,10,False,False
4465944,gate_30,4,False,False
4467115,gate_30,1,False,False
4472088,gate_30,6,False,False
4472383,gate_30,259,True,True
4473927,gate_40,90,True,True
4475080,gate_30,10,False,False
4475379,gate_40,29,True,False
4476659,gate_30,9,False,False
4482786,gate_30,18,False,False
4483044,gate_40,87,True,True
4486568,gate_40,1,False,False
4486756,gate_40,57,True,False
4487293,gate_40,0,False,False
4496010,gate_40,92,False,True
4496597,gate_40,287,True,True
4497357,gate_40,11,False,False
4497498,gate_40,7,False,False
4505342,gate_30,224,True,False
4511055,gate_30,165,True,True
4514233,gate_30,14,True,False
4518676,gate_30,51,False,True
4522696,gate_40,7,False,False
4525624,gate_40,27,True,False
4536900,gate_30,22,True,False
4538612,gate_30,119,True,False
4541474,gate_30,1,False,False
4545416,gate_30,36,False,True
4548177,gate_40,1,False,False
4549466,gate_30,86,True,True
4555872,gate_40,13,True,False
4561560,gate_40,1,False,False
4565388,gate_30,4,False,False
4570054,gate_30,2,False,False
4573509,gate_30,104,True,False
4575998,gate_30,159,True,False
4581905,gate_30,100,True,True
4582749,gate_30,33,True,False
4584760,gate_30,10,False,False
4587284,gate_40,17,False,False
4588073,gate_40,21,True,False
4588215,gate_30,4,False,False
4591894,gate_40,11,False,False
4596914,gate_30,65,True,False
4601137,gate_40,10,False,False
4606309,gate_40,13,False,False
4607021,gate_30,218,True,True
4609684,gate_40,1,False,False
4609707,gate_40,15,False,False
4619676,gate_30,66,True,True
4627407,gate_40,75,True,True
4638330,gate_30,5,False,False
4638717,gate_30,19,False,False
4640937,gate_30,0,False,False
4641131,gate_40,8,False,False
4646442,gate_40,151,True,True
4649234,gate_30,214,True,True
4663728,gate_40,3,False,False
4667488,gate_40,24,True,False
4668858,gate_40,22,True,False
4673158,gate_40,6,False,False
4674694,gate_30,63,True,False
4678618,gate_40,10,True,False
4681740,gate_40,10,False,False
4686946,gate_30,41,True,False
4687376,gate_30,17,False,False
4688952,gate_30,0,False,False
4689355,gate_30,255,True,True
4689712,gate_30,23,True,False
4690636,gate_40,99,True,False
4692141,gate_40,11,True,False
4694450,gate_40,3,False,False
4698447,gate_30,9,False,False
4698751,gate_30,33,True,False
4698785,gate_40,9,False,False
4705082,gate_30,72,True,False
4707401,gate_30,2,False,False
4708261,gate_30,6,False,False
4709114,gate_40,184,True,True
4710179,gate_30,96,True,False
4712258,gate_30,28,False,False
4714025,gate_40,67,False,False
4716139,gate_40,10,False,False
4731210,gate_30,68,True,False
4731595,gate_40,58,True,False
4733383,gate_40,94,True,True
4734836,gate_40,93,True,True
4739669,gate_30,2,False,False
4740502,gate_40,13,False,False
4743461,gate_30,1,False,False
4749557,gate_40,56,True,True
4751034,gate_40,6,False,False
4755872,gate_40,7,False,False
4763522,gate_30,50,True,False
4763530,gate_40,53,True,True
4764713,gate_30,53,True,True
4765498,gate_40,169,True,False
4766964,gate_40,39,False,True
4768222,gate_40,365,True,True
4770209,gate_30,1,False,False
4778579,gate_30,64,False,False
4787660,gate_30,98,True,False
4793769,gate_30,10,True,False
4801563,gate_40,6,False,False
4801714,gate_30,44,True,False
4803093,gate_30,9,False,False
4811913,gate_40,3,False,False
4812344,gate_40,213,True,False
4822169,gate_30,3,False,False
4822516,gate_30,49,True,False
4834488,gate_30,57,True,False
4844031,gate_30,8,False,False
4850635,gate_30,858,True,True
4852575,gate_40,9,True,False
4852858,gate_30,49,True,False
4853513,gate_30,6,False,False
4858416,gate_30,6,False,False
4859611,gate_30,2,False,False
4861559,gate_30,9,False,False
4864217,gate_40,620,True,True
4868132,gate_30,7,False,False
4871846,gate_30,222,True,True
4882122,gate_30,86,True,True
4882750,gate_30,3,False,False
4889687,gate_40,69,True,False
4890932,gate_30,33,True,False
4891582,gate_40,67,True,True
4896751,gate_30,3,False,False
4901380,gate_40,14,False,False
4903302,gate_40,123,True,False
4904114,gate_40,73,True,False
4912637,gate_40,0,False,False
4914033,gate_40,56,True,False
4918269,gate_30,8,False,False
4922185,gate_40,1,False,False
4926938,gate_40,21,False,False
4927174,gate_30,34,True,False
4931251,gate_40,6,False,False
4934286,gate_40,183,True,True
4935774,gate_30,13,False,False
4939381,gate_40,80,True,False
4940302,gate_40,4,False,False
4946289,gate_30,227,True,True
4963109,gate_30,17,True,False
4963515,gate_40,3,False,False
4966562,gate_30,21,True,False
4967487,gate_30,57,True,False
4975501,gate_30,26,True,False
4975771,gate_40,23,False,False
4978132,gate_30,26,True,False
4978766,gate_40,32,True,False
4980454,gate_30,1,False,False
4983390,gate_40,10,False,False
4984039,gate_30,28,True,False
4985802,gate_30,1,False,False
4993469,gate_30,12,False,False
4997616,gate_30,1,False,False
4998722,gate_30,8,False,False
5003801,gate_30,8,False,False
5003873,gate_40,269,True,True
5004512,gate_40,7,False,False
5006897,gate_40,13,False,False
5007028,gate_40,1,False,False
5009975,gate_40,26,True,False
5013150,gate_30,4,False,False
5024440,gate_40,28,True,False
5025453,gate_40,6,False,False
5026432,gate_40,2,False,False
5030462,gate_40,306,True,True
5032188,gate_40,15,True,False
5033505,gate_30,3,False,False
5033763,gate_40,111,False,False
5040088,gate_30,16,True,False
5058545,gate_30,3,False,False
5058658,gate_30,9,False,False
5058935,gate_40,69,True,False
5059118,gate_30,25,False,False
5059773,gate_30,0,False,False
5060106,gate_30,2,False,False
5060722,gate_40,6,False,False
5061702,gate_40,1,False,False
5062790,gate_30,46,True,False
5063340,gate_30,100,True,False
5064115,gate_30,161,True,False
5064875,gate_30,5,False,False
5066640,gate_30,76,True,True
5070170,gate_40,37,True,False
5075272,gate_30,11,True,False
5075556,gate_30,18,True,True
5075948,gate_40,181,True,True
5079255,gate_40,5,False,False
5080095,gate_30,65,True,False
5082682,gate_40,7,False,False
5086486,gate_40,4,False,False
5086938,gate_30,27,False,False
5088013,gate_30,7,False,False
5091905,gate_30,143,True,True
5098741,gate_30,12,False,False
5100066,gate_40,68,True,False
5102594,gate_30,31,False,False
5103204,gate_40,7,False,False
5110654,gate_40,131,True,False
5113390,gate_30,1,False,False
5118810,gate_30,28,True,False
5120130,gate_40,6,False,False
5122158,gate_30,478,True,True
5122641,gate_30,5,False,False
5126059,gate_30,838,True,True
5126832,gate_30,28,False,False
5127338,gate_30,97,False,False
5127529,gate_40,17,False,False
5130750,gate_30,9,True,False
5130992,gate_40,1,False,False
5131990,gate_40,2,False,False
5134166,gate_30,59,True,False
5138240,gate_40,9,False,False
5142321,gate_30,110,True,False
5146029,gate_40,6,False,False
5147596,gate_40,5,False,False
5149033,gate_40,2,False,False
5160611,gate_40,32,False,False
5171844,gate_30,41,True,False
5180980,gate_40,12,False,False
5187560,gate_40,7,False,False
5187893,gate_30,13,True,False
5190059,gate_40,23,True,False
5193778,gate_30,1,False,False
5195913,gate_30,6,False,False
5211696,gate_40,46,True,False
5214033,gate_30,50,False,True
5217733,gate_30,20,False,False
5218345,gate_30,21,True,True
5219657,gate_30,5,False,False
5222024,gate_40,9,False,False
5229811,gate_30,2,False,False
5236072,gate_30,247,True,False
5236888,gate_40,44,True,False
5237280,gate_30,4,False,False
5240294,gate_30,11,False,False
5261726,gate_30,44,True,False
5267655,gate_30,53,True,False
5268566,gate_40,8,False,False
5272697,gate_40,56,True,True
5274046,gate_30,55,True,True
5274161,gate_30,186,True,True
5274793,gate_30,15,False,False
5275276,gate_40,10,False,False
5275430,gate_40,11,False,False
5280093,gate_40,65,True,True
5282556,gate_30,195,True,True
5283158,gate_40,70,True,False
5289473,gate_40,12,False,False
5290959,gate_40,231,True,False
5296968,gate_40,20,True,False
5297245,gate_30,4,False,False
5298269,gate_30,2,False,False
5298361,gate_40,7,True,False
5303809,gate_40,2,False,False
5308311,gate_30,97,False,True
5310060,gate_30,0,False,False
5311995,gate_30,6,False,False
5313409,gate_40,18,False,False
5315716,gate_40,1,False,False
5319253,gate_30,2,False,False
5321990,gate_40,14,True,True
5323722,gate_40,49,False,False
5323753,gate_30,17,True,False
5326459,gate_30,25,True,False
5329307,gate_40,7,False,False
5330777,gate_30,17,True,False
5333519,gate_30,277,True,True
5334078,gate_40,15,True,False
5341057,gate_40,85,True,True
5345958,gate_40,1,False,False
5347692,gate_30,35,True,True
5353145,gate_30,151,True,True
5357843,gate_40,18,False,False
5367385,gate_30,37,True,False
5369262,gate_30,56,True,False
5369917,gate_40,7,False,False
5384008,gate_30,4,False,False
5389442,gate_30,3,False,False
5391531,gate_40,13,False,False
5394205,gate_30,7,False,False
5395068,gate_30,4,False,False
5395726,gate_30,23,False,False
5397489,gate_40,6,False,False
5408458,gate_40,51,True,False
5411521,gate_40,40,False,False
5411731,gate_40,10,True,False
5411922,gate_30,25,False,False
5414130,gate_30,3,False,False
5414635,gate_40,56,True,True
5415684,gate_40,73,True,False
5419244,gate_40,3,False,False
5424299,gate_30,1,True,False
5426406,gate_40,159,True,True
5426508,gate_30,3,False,False
5427026,gate_30,10,True,False
5436660,gate_40,155,True,True
5437280,gate_30,71,True,False
5437955,gate_30,30,True,False
5441652,gate_40,56,False,True
5444040,gate_40,29,False,False
5445225,gate_30,3,False,False
5450491,gate_30,11,False,False
5451171,gate_30,2,False,False
5452846,gate_30,12,False,False
5454495,gate_30,6,False,False
5454982,gate_40,16,False,False
5457515,gate_30,91,True,False
5459862,gate_40,105,True,True
5467692,gate_30,48,True,False
5473552,gate_30,1,False,False
5475464,gate_40,15,True,False
5487976,gate_30,20,True,True
5488090,gate_40,14,True,False
5493748,gate_40,23,True,False
5498769,gate_30,7,False,False
5498979,gate_30,8,False,False
5503066,gate_30,10,True,False
5506428,gate_40,35,True,False
5507699,gate_40,10,False,False
5508165,gate_40,8,False,False
5513693,gate_30,34,False,False
5515545,gate_30,48,True,False
5516257,gate_40,3,False,False
5519273,gate_40,6,False,False
5520254,gate_40,639,True,True
5524036,gate_30,3,False,False
5527013,gate_30,8,False,False
5529856,gate_30,4,False,False
5531903,gate_30,30,False,False
5531978,gate_40,4,False,False
5533271,gate_30,7,False,False
5536496,gate_40,3,False,True
5541038,gate_40,21,False,False
5543325,gate_40,3,False,False
5543773,gate_30,1,True,False
5548837,gate_30,5,True,False
5561318,gate_40,10,False,False
5563087,gate_40,6,True,False
5563946,gate_30,270,True,True
5568657,gate_30,1,False,False
5569146,gate_40,88,False,True
5571827,gate_30,16,True,False
5573577,gate_40,46,True,False
5577796,gate_40,5,False,False
5577957,gate_40,7,False,False
5593170,gate_40,2,False,False
5602315,gate_40,1,False,False
5604709,gate_30,10,False,False
5607182,gate_40,26,True,True
5607638,gate_30,4,False,False
5608517,gate_40,29,True,False
5610569,gate_30,133,True,True
5610744,gate_40,293,False,True
5615902,gate_40,787,True,True
5625118,gate_30,16,False,False
5626256,gate_40,0,False,False
5626733,gate_40,32,False,False
5627602,gate_40,10,False,False
5629175,gate_30,54,True,False
5630081,gate_40,10,True,False
5635663,gate_30,1,False,False
5637532,gate_40,66,False,False
5648127,gate_40,1,False,False
5650695,gate_30,125,True,False
5654828,gate_30,0,False,False
5657156,gate_40,74,False,True
5663943,gate_30,17,True,False
5670667,gate_30,5,False,False
5670891,gate_40,10,True,False
5671808,gate_30,140,True,False
5682876,gate_40,25,False,False
5683944,gate_40,13,False,False
5684093,gate_40,4,False,False
5685759,gate_40,6,False,False
5685761,gate_30,2,False,False
5686282,gate_40,15,False,False
5687020,gate_30,16,True,False
5687635,gate_30,18,True,True
5689018,gate_30,32,True,False
5697235,gate_30,18,False,True
5698718,gate_30,5,False,False
5703695,gate_30,40,False,False
5706026,gate_30,6,True,False
5706761,gate_40,6,False,False
5711800,gate_30,5,False,False
5712325,gate_40,14,False,False
5712828,gate_40,5,False,False
5714175,gate_30,16,False,False
5717145,gate_30,1,False,False
5721077,gate_40,2,False,False
5723798,gate_40,12,True,False
5727314,gate_40,7,False,False
5729318,gate_30,29,False,True
5733823,gate_40,4,False,False
5737372,gate_40,34,True,False
5740529,gate_40,7,True,False
5740799,gate_40,131,True,False
5741197,gate_30,23,True,False
5748327,gate_40,16,False,True
5748385,gate_30,7,False,False
5753796,gate_30,11,False,False
5763047,gate_40,22,True,False
5764480,gate_30,25,True,False
5770254,gate_30,9,False,False
5770710,gate_40,73,False,False
5773550,gate_40,7,True,False
5776482,gate_30,2,False,False
5783607,gate_40,4,True,False
5787328,gate_30,16,True,False
5788843,gate_40,3,False,False
5797313,gate_40,5,True,False
5798681,gate_40,266,True,True
5802791,gate_40,0,False,False
5802856,gate_30,4,False,False
5813362,gate_40,23,True,False
5815666,gate_40,111,True,False
5816083,gate_30,89,True,False
5817760,gate_40,20,False,False
5822045,gate_30,56,True,False
5823468,gate_30,2,False,False
5834343,gate_40,356,False,True
5834351,gate_40,32,True,False
5835829,gate_30,19,True,True
5839182,gate_40,9,False,False
5845564,gate_30,239,True,False
5850060,gate_40,6,False,False
5851432,gate_40,1,False,False
5854051,gate_40,53,True,False
5856141,gate_40,2,False,False
5863381,gate_30,10,False,False
5867478,gate_40,70,True,False
5867761,gate_40,1,False,False
5867894,gate_40,3,False,False
5873939,gate_30,2,False,False
5875974,gate_40,16,True,False
5880193,gate_30,11,True,False
5880457,gate_30,16,True,False
5885371,gate_30,36,True,False
5885565,gate_30,25,True,False
5887256,gate_30,54,True,False
5889036,gate_30,12,False,False
5890406,gate_30,5,False,False
5890770,gate_30,16,True,False
5892558,gate_30,22,True,False
5893555,gate_30,420,True,True
5893841,gate_40,8,True,False
5894966,gate_40,70,True,True
5901338,gate_30,4,True,False
5901427,gate_40,279,True,True
5901525,gate_40,11,False,False
5901669,gate_40,126,True,True
5904565,gate_40,34,False,False
5905563,gate_40,19,True,False
5905749,gate_30,23,True,False
5906823,gate_30,12,False,False
5907644,gate_40,29,True,True
5922527,gate_40,34,True,False
5922704,gate_40,6,True,False
5925385,gate_30,1,False,False
5925847,gate_40,3,False,False
5926272,gate_40,12,False,False
5949123,gate_30,101,True,False
5950592,gate_30,4,False,False
5950782,gate_30,129,True,True
5955241,gate_40,0,False,False
5958807,gate_40,72,True,True
5962994,gate_30,213,True,False
5964352,gate_30,90,False,True
5965603,gate_40,0,False,False
5967330,gate_40,15,False,False
5973371,gate_30,1,False,False
5978659,gate_30,6,False,False
5979050,gate_40,2,False,False
5981370,gate_30,5,False,False
5982717,gate_40,22,True,False
5984326,gate_40,1,False,False
5992345,gate_40,2,False,False
5996676,gate_30,8,False,False
5998557,gate_40,9,False,False
6004140,gate_30,125,True,True
6006229,gate_40,7,False,False
6006359,gate_30,5,False,False
6014608,gate_30,53,True,False
6017383,gate_40,38,True,True
6018123,gate_40,23,False,False
6019659,gate_30,9,False,False
6024205,gate_40,457,True,True
6029352,gate_30,1,False,False
6034847,gate_40,5,False,True
6036498,gate_30,6,False,False
6037255,gate_40,12,True,False
6041165,gate_30,8,True,False
6041910,gate_40,0,False,False
6043865,gate_30,23,True,False
6045028,gate_40,70,True,True
6047863,gate_40,2,False,False
6053135,gate_40,9,True,False
6058588,gate_30,7,False,False
6059914,gate_30,2,False,False
6063400,gate_40,4,False,False
6064422,gate_40,35,False,False
6067319,gate_30,1,False,False
6069531,gate_30,1095,True,True
6073481,gate_30,2,False,False
6076027,gate_30,143,True,True
6082280,gate_40,17,False,False
6082932,gate_40,33,True,False
6087185,gate_30,111,False,False
6089565,gate_30,234,True,True
6090303,gate_40,2,False,False
6095160,gate_30,245,True,True
6095938,gate_30,199,True,False
6098475,gate_40,1,False,False
6104664,gate_40,8,False,False
6105318,gate_30,92,True,True
6106172,gate_30,24,False,False
6108764,gate_40,11,False,False
6113349,gate_40,3,False,False
6117195,gate_30,1,False,False
6127367,gate_40,5,False,False
6129197,gate_30,18,False,False
6148552,gate_40,566,True,False
6151239,gate_30,35,True,True
6160521,gate_40,3,True,False
6160804,gate_40,114,True,False
6162488,gate_30,65,True,False
6178204,gate_30,1,False,False
6180534,gate_30,134,True,True
6181673,gate_30,50,True,True
6184311,gate_40,5,False,False
6190911,gate_40,1,False,False
6191526,gate_40,9,False,False
6192573,gate_30,50,True,True
6199071,gate_40,13,True,False
6200778,gate_30,140,True,True
6203195,gate_30,37,False,False
6218199,gate_30,15,False,False
6223532,gate_40,5,False,False
6226586,gate_40,0,False,False
6228931,gate_30,43,True,False
6229196,gate_30,20,False,False
6232871,gate_30,15,False,False
6236991,gate_30,61,True,True
6241940,gate_40,55,False,False
6242063,gate_40,1,False,False
6254812,gate_30,66,True,True
6258922,gate_30,13,False,False
6260723,gate_40,40,True,False
6261693,gate_40,35,True,False
6266914,gate_30,19,False,True
6267188,gate_40,73,True,True
6269788,gate_30,257,True,True
6287445,gate_40,31,True,False
6287697,gate_40,99,True,True
6288318,gate_30,3,False,False
6294795,gate_40,10,True,False
6295002,gate_40,34,True,False
6303105,gate_40,7,False,False
6310076,gate_30,0,False,False
6311697,gate_40,72,True,True
6326284,gate_30,180,True,True
6327423,gate_30,122,True,True
6330355,gate_30,108,True,False
6333857,gate_40,98,True,True
6335488,gate_30,116,False,True
6337441,gate_30,1,False,False
6338583,gate_40,39,True,False
6338766,gate_40,14,True,False
6340796,gate_30,63,True,False
6341911,gate_40,13,True,False
6343088,gate_40,3,False,False
6344940,gate_30,0,False,False
6347361,gate_30,16,True,False
6348831,gate_30,1,False,False
6349724,gate_40,0,False,False
6353301,gate_40,16,True,False
6360916,gate_40,12,False,False
6361773,gate_40,153,True,False
6363604,gate_40,2,False,False
6363741,gate_40,3,False,False
6364523,gate_30,20,False,False
6370468,gate_30,53,True,False
6373433,gate_30,24,True,False
6373706,gate_30,119,True,True
6375303,gate_30,7,False,False
6376405,gate_40,1,False,False
6377693,gate_40,18,True,False
6378251,gate_30,0,False,False
6382328,gate_40,1,False,False
6386292,gate_40,14,True,False
6386506,gate_40,48,False,True
6392562,gate_40,28,False,False
6395376,gate_40,17,True,False
6399570,gate_40,5,True,False
6402893,gate_40,57,True,False
6403190,gate_40,0,False,False
6406443,gate_30,0,False,False
6409033,gate_30,40,True,False
6411056,gate_30,307,True,False
6411560,gate_40,27,False,False
6414386,gate_30,8,True,False
6416400,gate_40,8,False,False
6418765,gate_40,2,False,False
6426633,gate_30,13,False,False
6429284,gate_40,6,False,False
6429564,gate_30,2,False,False
6430589,gate_40,3,False,False
6431755,gate_40,1,False,False
6434381,gate_40,186,True,True
6435673,gate_40,34,False,True
6435883,gate_40,13,False,False
6436030,gate_30,20,False,False
6440437,gate_30,13,False,True
6444380,gate_30,109,False,True
6445805,gate_30,16,False,False
6446913,gate_40,1,False,False
6451969,gate_30,39,False,False
6455542,gate_30,59,True,False
6459531,gate_30,30,True,False
6463604,gate_40,57,True,False
6469371,gate_40,171,True,False
6479282,gate_40,24,True,False
6493855,gate_30,224,True,True
6496069,gate_40,216,True,True
6498903,gate_30,2,False,False
6500665,gate_40,28,False,False
6500824,gate_30,38,True,False
6502947,gate_40,131,True,False
6508027,gate_30,32,False,False
6508086,gate_40,0,False,False
6514445,gate_40,111,True,False
6515144,gate_40,2,False,False
6516756,gate_30,5,False,False
6519923,gate_40,22,False,False
6520617,gate_40,51,True,False
6521055,gate_30,20,True,False
6524456,gate_30,0,False,False
6527957,gate_40,4,False,False
6530009,gate_30,35,True,False
6531257,gate_40,2,False,False
6532858,gate_30,8,True,False
6534218,gate_40,4,False,False
6534619,gate_40,27,True,False
6535331,gate_30,3,False,False
6538302,gate_30,11,True,False
6538450,gate_30,4,True,False
6544452,gate_30,1,False,False
6545902,gate_40,123,True,True
6547854,gate_30,4,False,False
6550533,gate_30,408,True,True
6553264,gate_40,52,False,False
6559335,gate_40,11,False,False
6560256,gate_40,0,False,False
6564879,gate_30,58,True,False
6565515,gate_40,2,False,False
6565584,gate_30,46,True,False
6565871,gate_30,113,True,True
6567418,gate_30,54,True,False
6573940,gate_30,1,False,False
6582302,gate_40,8,True,False
6588053,gate_30,7,True,False
6595327,gate_40,234,True,True
6596948,gate_40,19,False,False
6601546,gate_30,124,False,True
6603621,gate_30,9,True,False
6615629,gate_40,20,False,False
6618172,gate_30,40,True,True
6622024,gate_40,83,True,True
6625105,gate_30,55,True,False
6630621,gate_30,12,False,False
6635370,gate_40,3,False,False
6639423,gate_40,551,True,True
6640360,gate_30,49,True,False
6644914,gate_40,26,True,False
6646544,gate_30,19,False,False
6662242,gate_30,12,False,False
6665775,gate_40,0,False,False
6666616,gate_30,164,True,False
6667449,gate_40,8,False,False
6671226,gate_40,457,True,True
6672137,gate_40,3,False,False
6672340,gate_30,232,True,True
6672644,gate_30,6,False,False
6674798,gate_40,4,False,False
6676617,gate_30,191,True,True
6678108,gate_30,3,False,False
6680424,gate_30,41,True,False
6683901,gate_40,40,False,False
6685591,gate_40,86,True,True
6688678,gate_30,14,True,False
6689025,gate_30,5,False,False
6689369,gate_30,12,False,False
6700432,gate_40,164,True,True
6702394,gate_40,4,True,False
6702963,gate_30,12,False,False
6710364,gate_30,4,False,False
6713316,gate_30,1,False,False
6717810,gate_30,14,False,False
6729456,gate_40,5,False,False
6736886,gate_40,25,False,False
6744964,gate_30,11,True,False
6746512,gate_30,13,False,False
6747015,gate_30,17,True,False
6750278,gate_30,169,True,True
6753532,gate_40,54,False,False
6761817,gate_30,254,False,True
6763510,gate_30,50,True,False
6765833,gate_40,32,False,False
6771484,gate_40,1,False,False
6776257,gate_30,187,True,True
6777593,gate_40,2,False,False
6778459,gate_40,26,True,False
6783668,gate_40,6,True,False
6786799,gate_40,42,False,False
6793965,gate_30,35,True,True
6805855,gate_40,2,False,False
6805897,gate_30,272,True,True
6807369,gate_40,20,False,False
6809564,gate_30,46,True,False
6810962,gate_30,97,True,False
6813597,gate_40,17,True,False
6813777,gate_30,41,True,False
6815248,gate_40,29,True,False
6821513,gate_30,508,True,True
6822973,gate_30,21,False,False
6826717,gate_30,255,True,True
6832768,gate_40,1,False,False
6835127,gate_30,32,True,False
6838248,gate_40,9,False,False
6839254,gate_40,11,True,False
6839595,gate_30,58,False,False
6844774,gate_40,1,False,False
6846418,gate_40,0,False,True
6847151,gate_30,27,False,False
6848067,gate_40,3,False,False
6848574,gate_40,55,False,False
6849343,gate_40,180,True,False
6857033,gate_30,116,False,False
6861327,gate_40,18,True,True
6873132,gate_40,177,True,True
6876786,gate_30,1,False,False
6877318,gate_40,20,True,False
6883027,gate_40,200,True,True
6887918,gate_40,66,True,False
6891967,gate_30,1,False,False
6892341,gate_30,4,False,False
6898833,gate_30,49,False,False
6903008,gate_30,4,False,False
6903273,gate_30,16,False,False
6906076,gate_30,106,True,True
6911333,gate_30,25,True,False
6914995,gate_30,2,False,False
6916436,gate_40,4,False,False
6917088,gate_30,274,True,True
6917622,gate_40,4,False,False
6919079,gate_40,5,False,False
6921176,gate_30,53,True,False
6922495,gate_40,7,False,False
6924644,gate_30,1,False,False
6925773,gate_30,0,False,False
6925973,gate_40,1,False,False
6931994,gate_40,0,False,False
6932680,gate_40,0,False,False
6938693,gate_30,44,True,True
6941607,gate_40,31,True,False
6946217,gate_30,10,True,False
6960876,gate_30,6,False,False
6962456,gate_30,12,True,False
6964177,gate_30,79,True,False
6965731,gate_40,1,False,False
6967042,gate_30,2,False,False
6967397,gate_30,23,False,False
6975780,gate_40,0,True,True
6978284,gate_40,4,False,False
6984441,gate_40,3,False,False
6984644,gate_30,6,False,False
6988209,gate_40,71,True,False
6995795,gate_30,39,True,False
6996828,gate_30,75,True,True
6999129,gate_40,36,True,False
7008854,gate_30,5,False,False
7019109,gate_40,11,False,False
7019816,gate_40,23,True,False
7020720,gate_40,108,True,False
7024914,gate_30,23,False,False
7025458,gate_30,717,True,False
7025704,gate_40,48,True,False
7026297,gate_30,9,False,False
7032044,gate_40,63,True,False
7035917,gate_40,13,False,False
7035989,gate_30,21,True,False
7038219,gate_30,1,False,False
7038223,gate_40,37,True,False
7045025,gate_30,27,False,False
7047378,gate_30,231,True,True
7056216,gate_30,4,False,False
7058656,gate_40,52,True,False
7064575,gate_40,30,True,False
7069867,gate_40,18,False,False
7073970,gate_30,179,True,True
7074249,gate_40,7,True,False
7075057,gate_40,5,False,False
7076780,gate_40,5,False,False
7080574,gate_30,184,False,True
7100079,gate_40,49,True,False
7107775,gate_40,6,False,False
7109433,gate_40,7,False,False
7110648,gate_30,12,True,False
7110873,gate_40,49,True,True
7113962,gate_30,0,False,False
7117044,gate_30,107,True,False
7121602,gate_30,315,True,False
7122088,gate_30,210,True,True
7124279,gate_30,34,False,False
7140572,gate_30,216,True,True
7151247,gate_40,3,False,False
7151314,gate_30,3,False,False
7151355,gate_30,56,False,False
7152200,gate_40,5,False,False
7153308,gate_30,4,True,False
7158845,gate_40,3,False,False
7167429,gate_30,73,True,True
7177869,gate_40,45,False,False
7180720,gate_30,10,False,False
7186349,gate_30,0,False,False
7193171,gate_30,297,True,True
7198996,gate_30,1,False,False
7199934,gate_30,13,False,False
7200726,gate_30,2,False,False
7206335,gate_30,446,True,False
7211280,gate_40,40,True,False
7212903,gate_40,108,True,False
7215760,gate_30,12,False,False
7219315,gate_30,2,True,False
7220757,gate_40,5,False,False
7221141,gate_30,4,False,False
7223810,gate_30,38,True,False
7227005,gate_40,1,False,False
7238677,gate_40,140,False,True
7243820,gate_40,57,True,False
7245833,gate_30,32,True,False
7248972,gate_40,52,True,False
7255731,gate_30,163,True,True
7258038,gate_30,94,True,False
7271075,gate_40,328,True,True
7273738,gate_30,4,False,False
7274890,gate_40,1,False,False
7276619,gate_30,270,True,True
7276660,gate_30,3,False,False
7278721,gate_40,21,True,False
7279371,gate_30,30,True,False
7284512,gate_30,32,False,False
7285212,gate_30,42,True,False
7285628,gate_40,17,False,False
7285806,gate_30,10,False,False
7288951,gate_40,511,True,True
7292991,gate_40,18,True,False
7295521,gate_30,24,True,False
7298235,gate_40,0,False,False
7298890,gate_30,38,False,False
7299317,gate_30,3,False,False
7299605,gate_40,5,False,False
7302836,gate_30,127,True,True
7303744,gate_30,20,False,False
7306819,gate_30,0,True,False
7311012,gate_30,1,False,False
7318227,gate_30,44,False,True
7321941,gate_30,31,True,False
7322422,gate_30,1,False,False
7326325,gate_40,1,False,False
7332427,gate_40,119,False,False
7334158,gate_40,20,True,False
7340127,gate_30,3,False,False
7340905,gate_40,17,False,False
7341808,gate_30,1,False,False
7342334,gate_30,335,True,True
7342502,gate_40,1,False,False
7349998,gate_30,48,False,False
7350075,gate_40,23,False,True
7358615,gate_30,62,False,True
7360984,gate_30,16,True,False
7372780,gate_30,37,True,False
7373911,gate_30,9,False,False
7374760,gate_30,45,True,False
7379235,gate_40,8,True,False
7379966,gate_40,81,True,False
7383218,gate_40,8,False,False
7387262,gate_30,188,True,True
7387759,gate_30,8,True,False
7388864,gate_40,4,False,False
7396999,gate_40,263,True,True
7398044,gate_30,2,False,False
7398647,gate_30,10,False,False
7399547,gate_30,43,True,False
7401498,gate_40,13,False,False
7403206,gate_30,13,False,False
7407789,gate_30,2,False,False
7408181,gate_30,40,False,False
7414820,gate_30,25,True,False
7415246,gate_30,23,True,False
7416151,gate_40,30,True,False
7422418,gate_40,43,True,True
7424194,gate_30,185,True,False
7424417,gate_30,19,True,False
7427131,gate_40,48,True,False
7427234,gate_30,22,False,False
7428597,gate_40,9,False,False
7428915,gate_30,122,True,False
7429482,gate_40,5,False,False
7436965,gate_30,28,True,False
7437747,gate_40,225,True,True
7438094,gate_40,8,False,False
7440589,gate_30,96,True,True
7444426,gate_30,38,True,False
7445350,gate_40,56,True,True
7446425,gate_30,1,False,False
7447697,gate_40,36,False,False
7453937,gate_40,39,False,True
7454453,gate_30,10,True,False
7455601,gate_40,418,True,True
7455894,gate_30,83,True,False
7458365,gate_40,1,True,True
7462599,gate_30,1,False,False
7463622,gate_30,4,False,False
7465126,gate_40,20,False,False
7465799,gate_40,41,True,False
7465862,gate_30,1,False,False
7470617,gate_30,4,False,False
7472403,gate_30,4,False,False
7476195,gate_40,2,False,False
7477074,gate_40,309,True,True
7481262,gate_30,11,True,False
7481534,gate_40,188,True,True
7482337,gate_30,20,False,False
7487584,gate_30,452,True,True
7489142,gate_40,58,False,False
7494049,gate_40,24,True,False
7498441,gate_40,3,False,False
7500511,gate_30,30,True,False
7505400,gate_30,15,True,False
7506998,gate_40,645,True,True
7507241,gate_30,30,True,False
7509265,gate_30,0,False,False
7514186,gate_30,14,False,False
7518916,gate_30,6,False,False
7523132,gate_30,41,True,False
7523645,gate_30,2,False,False
7524103,gate_40,16,False,False
7525665,gate_40,18,True,False
7527922,gate_30,1,False,False
7532397,gate_30,46,True,False
7542222,gate_30,0,False,False
7545485,gate_30,1,True,False
7546996,gate_40,149,True,True
7547487,gate_30,44,True,False
7551011,gate_40,1,False,False
7558765,gate_30,4,False,False
7560913,gate_40,7,False,False
7565885,gate_30,17,False,False
7566218,gate_40,51,True,True
7570953,gate_30,5,False,False
7574511,gate_30,31,False,False
7574922,gate_40,7,False,False
7575602,gate_30,286,True,False
7577081,gate_40,1,False,False
7579642,gate_30,0,False,False
7583410,gate_40,2,True,False
7588587,gate_30,36,False,False
7588957,gate_30,166,False,False
7591906,gate_40,129,True,True
7593093,gate_30,14,True,False
7594830,gate_40,1355,True,True
7595248,gate_30,1,False,False
7599486,gate_40,4,False,False
7605225,gate_40,4,False,False
7615823,gate_40,15,False,False
7621406,gate_40,24,True,True
7622403,gate_30,34,False,False
7627947,gate_40,12,False,False
7632589,gate_40,30,True,False
7637445,gate_30,42,False,False
7638832,gate_40,2,False,False
7639848,gate_40,1,False,False
7644215,gate_30,3,False,False
7647702,gate_40,105,False,False
7650192,gate_30,6,True,False
7654748,gate_30,26,True,False
7655512,gate_40,11,False,False
7662273,gate_40,187,True,True
7670054,gate_40,1,False,False
7673967,gate_40,23,True,False
7679742,gate_40,9,False,False
7683523,gate_40,10,False,False
7683821,gate_30,82,True,True
7687310,gate_40,6,False,False
7688994,gate_40,58,True,False
7691789,gate_30,1,True,False
7697561,gate_40,6,True,False
7700587,gate_40,2,False,False
7702274,gate_40,9,False,False
7703937,gate_30,17,False,True
7707801,gate_30,18,False,False
7711762,gate_40,46,True,False
7714770,gate_40,83,True,False
7720275,gate_30,11,False,False
7720311,gate_30,19,True,True
7723510,gate_30,1,False,False
7725321,gate_30,120,True,True
7726729,gate_30,39,True,False
7727152,gate_40,53,True,True
7729028,gate_40,73,True,False
7735652,gate_30,5,False,False
7738889,gate_40,136,True,True
7738899,gate_40,60,True,False
7743466,gate_40,17,False,False
7743598,gate_40,54,True,False
7745513,gate_40,8,False,False
7748017,gate_30,0,False,False
7750791,gate_40,6,True,False
7752065,gate_40,3,False,False
7753840,gate_30,23,False,True
7756440,gate_30,4,False,False
7756678,gate_30,15,False,False
7757106,gate_40,100,True,False
7759133,gate_40,20,False,False
7762945,gate_30,5,False,False
7764822,gate_30,10,False,True
7770878,gate_30,4,True,False
7772350,gate_30,192,True,True
7774062,gate_30,2,False,False
7777001,gate_30,50,False,True
7777662,gate_40,264,True,True
7781462,gate_30,11,False,False
7785162,gate_30,11,False,False
7786812,gate_40,2,False,False
7792850,gate_40,168,True,True
7801794,gate_30,29,False,False
7802036,gate_40,10,True,True
7804011,gate_30,134,True,True
7804696,gate_30,40,False,False
7808996,gate_40,15,False,False
7810642,gate_30,398,True,True
7812943,gate_30,24,True,False
7816260,gate_30,2,False,False
7819663,gate_30,220,True,True
7825255,gate_40,111,True,True
7829539,gate_30,278,True,True
7831338,gate_30,1,False,False
7833526,gate_40,155,True,True
7834002,gate_30,11,False,False
7837446,gate_30,6,False,False
7838998,gate_40,21,False,False
7857278,gate_30,1,False,False
7859699,gate_40,25,False,True
7867847,gate_40,15,False,False
7869501,gate_40,15,False,False
7878984,gate_30,62,True,False
7883669,gate_40,2,False,False
7884530,gate_40,283,True,True
7885452,gate_30,18,False,False
7886496,gate_30,1,False,False
7895846,gate_40,200,True,False
7898609,gate_30,2,True,False
7898775,gate_30,1,False,False
7900112,gate_30,5,False,False
7900156,gate_40,84,True,False
7900240,gate_30,49,True,True
7900741,gate_40,1,False,False
7905570,gate_30,3,False,False
7905866,gate_30,161,True,False
7911630,gate_30,214,True,True
7912290,gate_30,21,False,False
7914239,gate_30,10,False,False
7916148,gate_40,7,True,False
7918260,gate_30,198,True,False
7918656,gate_30,3,False,False
7919125,gate_30,6,False,False
7926216,gate_40,4,True,False
7928506,gate_40,232,True,True
7929554,gate_40,10,True,False
7930517,gate_30,82,True,False
7930534,gate_40,6,False,False
7932129,gate_30,92,True,True
7932145,gate_30,148,True,True
7941241,gate_40,36,True,False
7949503,gate_30,46,True,False
7951852,gate_40,8,False,False
7961901,gate_30,35,False,True
7962220,gate_40,14,True,False
7963413,gate_30,63,True,False
7966218,gate_40,12,False,False
7969377,gate_30,52,False,True
7970580,gate_30,118,True,False
7972269,gate_30,55,False,False
7979527,gate_40,0,False,False
7979863,gate_40,233,True,True
7981939,gate_40,38,False,False
7982388,gate_30,31,False,False
7984530,gate_30,76,True,True
7984840,gate_40,3,False,False
7987175,gate_40,78,True,False
7987510,gate_30,40,False,False
7987870,gate_40,2,False,False
7995550,gate_30,65,True,False
7996041,gate_40,24,False,False
8003172,gate_30,314,False,True
8008357,gate_40,25,True,False
8008505,gate_40,74,False,False
8014826,gate_30,34,False,False
8017873,gate_40,34,True,False
8018787,gate_30,6,True,False
8019144,gate_30,534,True,True
8021273,gate_40,15,False,False
8023055,gate_40,109,False,True
8024356,gate_40,3,False,False
8024744,gate_30,6,False,False
8025609,gate_30,7,False,False
8029459,gate_30,5,False,False
8031784,gate_30,17,True,False
8037217,gate_30,67,True,False
8037653,gate_40,0,False,False
8038089,gate_40,268,True,True
8038344,gate_30,19,False,False
8043847,gate_40,1,False,False
8048343,gate_30,10,False,False
8051724,gate_40,26,True,False
8051979,gate_40,30,True,False
8054268,gate_30,16,False,False
8064157,gate_40,3,False,False
8069101,gate_30,2,False,False
8075117,gate_40,27,False,False
8078801,gate_40,20,False,False
8079032,gate_40,102,True,True
8080056,gate_30,276,True,False
8082150,gate_30,7,False,False
8082792,gate_30,7,False,False
8082846,gate_30,0,False,False
8085934,gate_40,21,False,False
8086340,gate_40,14,False,False
8088036,gate_40,19,False,False
8089495,gate_40,248,True,False
8090970,gate_40,12,False,False
8094032,gate_30,97,True,False
8094373,gate_30,4,True,False
8096337,gate_40,3,False,False
8096477,gate_30,65,True,False
8097103,gate_40,7,False,False
8099612,gate_30,18,False,False
8101809,gate_40,1,False,False
8116235,gate_40,40,True,False
8116413,gate_30,6,False,False
8118722,gate_40,4,False,False
8122077,gate_40,16,False,True
8128574,gate_40,3,False,False
8129478,gate_40,35,True,False
8133146,gate_30,50,True,False
8134803,gate_40,42,True,False
8135975,gate_40,9,False,False
8139546,gate_30,8,False,False
8140098,gate_40,27,True,False
8149628,gate_40,32,False,False
8150045,gate_40,31,True,False
8153112,gate_30,2,False,False
8154469,gate_40,81,True,False
8156315,gate_40,13,True,False
8157077,gate_30,3,False,False
8158659,gate_30,3,False,False
8168301,gate_40,14,False,False
8170759,gate_40,32,False,False
8170935,gate_40,4,False,False
8183371,gate_30,2,False,False
8184291,gate_40,63,True,False
8189753,gate_30,38,False,False
8190578,gate_30,163,True,True
8194051,gate_30,22,True,False
8206386,gate_30,36,True,True
8206417,gate_40,9,True,False
8207748,gate_40,93,True,False
8211102,gate_40,8,False,False
8213606,gate_40,1,False,False
8216217,gate_40,5,False,False
8216507,gate_30,86,False,False
8216845,gate_40,16,False,False
8218322,gate_40,134,True,True
8218712,gate_30,36,False,False
8219704,gate_40,5,False,False
8219741,gate_30,22,True,False
8228097,gate_40,2,False,False
8236161,gate_30,0,False,False
8240717,gate_40,117,True,True
8241308,gate_30,168,True,True
8242501,gate_40,8,True,False
8245895,gate_40,16,False,False
8248360,gate_30,8,True,False
8256784,gate_40,29,True,True
8257429,gate_40,12,False,False
8258562,gate_30,37,True,False
8261212,gate_30,271,True,True
8267302,gate_40,27,False,False
8268841,gate_30,28,True,False
8272564,gate_30,7,False,False
8273476,gate_30,0,False,False
8280210,gate_30,4,False,False
8284830,gate_40,48,True,False
8284903,gate_40,28,False,False
8289561,gate_40,176,True,True
8290909,gate_30,3,False,False
8295376,gate_40,0,False,False
8297189,gate_30,2,False,False
8298541,gate_30,4,False,False
8301518,gate_40,221,True,True
8305666,gate_30,10,False,False
8315674,gate_40,19,True,False
8319967,gate_40,584,True,True
8321819,gate_40,15,False,False
8324503,gate_30,7,True,False
8329632,gate_30,9,True,False
8336544,gate_40,38,True,False
8341753,gate_30,23,True,True
8346219,gate_40,49,True,False
8347631,gate_30,13,False,False
8351626,gate_40,24,True,False
8358722,gate_40,65,True,False
8358750,gate_30,10,False,False
8361565,gate_30,45,True,False
8365748,gate_30,95,True,False
8366482,gate_30,236,True,True
8368378,gate_30,9,False,False
8368434,gate_30,8,False,False
8368724,gate_40,47,True,False
8372324,gate_30,3,False,False
8375098,gate_40,1,False,False
8375535,gate_40,7,False,False
8375689,gate_30,1,False,False
8381672,gate_30,88,True,False
8383543,gate_30,25,False,False
8385625,gate_30,6,False,False
8393034,gate_40,14,True,True
8393447,gate_30,9,False,False
8395403,gate_40,28,True,False
8417538,gate_30,55,True,False
8437004,gate_40,8,False,False
8440257,gate_40,47,True,False
8442319,gate_40,48,True,False
8443901,gate_40,3,False,False
8446235,gate_40,81,True,False
8451821,gate_30,322,False,True
8460502,gate_30,91,True,False
8461095,gate_40,2,False,False
8466390,gate_40,0,False,False
8468689,gate_30,2,True,False
8470068,gate_40,6,False,False
8471818,gate_40,4,False,False
8476320,gate_40,68,False,True
8479739,gate_30,5,False,False
8481209,gate_30,3,False,False
8487406,gate_40,28,True,False
8488286,gate_40,11,True,False
8494586,gate_40,72,True,False
8500859,gate_30,10,True,False
8503888,gate_40,38,False,False
8516409,gate_40,2,True,False
8517609,gate_40,26,True,False
8519032,gate_40,0,False,False
8519534,gate_30,9,False,False
8524912,gate_40,3,False,False
8527842,gate_40,8,False,False
8544301,gate_40,20,False,False
8546547,gate_30,95,True,False
8553550,gate_40,40,False,False
8557821,gate_40,6,False,False
8563572,gate_40,60,True,False
8565870,gate_30,1,False,False
8572802,gate_30,19,True,False
8581807,gate_30,272,True,False
8588584,gate_40,6,False,False
8588618,gate_40,3,False,False
8591000,gate_40,42,True,True
8596279,gate_40,0,False,False
8603210,gate_30,5,False,False
8606073,gate_40,12,False,False
8606103,gate_40,35,True,False
8607573,gate_30,30,False,False
8609994,gate_30,137,True,True
8614628,gate_30,9,False,False
8615608,gate_40,223,True,True
8618142,gate_30,359,True,True
8621901,gate_30,19,False,False
8626316,gate_30,0,False,False
8630267,gate_40,30,True,False
8632570,gate_30,8,True,False
8637804,gate_40,160,False,True
8638920,gate_40,30,True,False
8642043,gate_40,44,False,False
8648270,gate_40,7,False,False
8648878,gate_30,5,True,False
8649522,gate_40,152,True,True
8650525,gate_40,0,False,False
8653580,gate_30,17,False,False
8655640,gate_30,35,True,False
8657635,gate_40,5,False,False
8659088,gate_40,16,True,False
8663587,gate_30,114,True,False
8665373,gate_40,0,False,False
8671046,gate_40,46,True,False
8675183,gate_40,8,False,False
8675185,gate_30,47,True,False
8681380,gate_30,1,False,False
8681846,gate_40,13,True,False
8683895,gate_40,38,True,False
8687466,gate_40,70,True,False
8694477,gate_40,3,False,False
8695748,gate_30,13,False,True
8699518,gate_30,25,True,False
8704975,gate_30,2,False,False
8706130,gate_30,394,True,True
8706864,gate_30,122,True,True
8708448,gate_30,16,True,False
8708544,gate_40,4,True,False
8716526,gate_40,22,True,False
8717005,gate_40,53,True,False
8717417,gate_30,4,True,False
8722488,gate_30,31,False,False
8727484,gate_40,19,True,False
8732542,gate_40,28,False,True
8738562,gate_30,16,False,False
8746961,gate_40,89,True,True
8749761,gate_30,45,True,False
8756358,gate_40,49,True,False
8757745,gate_30,83,True,False
8757967,gate_40,1,False,False
8762242,gate_40,36,False,False
8763602,gate_30,1,False,False
8765196,gate_30,25,False,False
8769417,gate_40,2,False,False
8771642,gate_40,59,True,True
8778882,gate_30,558,True,True
8781339,gate_40,18,True,False
8781344,gate_30,30,True,False
8782216,gate_30,5,False,False
8784299,gate_40,32,False,False
8785575,gate_40,2,False,False
8803813,gate_30,0,False,False
8804401,gate_30,9,False,False
8811373,gate_30,0,False,False
8823756,gate_40,1,False,False
8824947,gate_30,5,False,False
8826792,gate_30,26,False,False
8828719,gate_40,1,False,False
8840024,gate_40,1,False,False
8840251,gate_40,14,True,False
8841071,gate_40,3,False,False
8843596,gate_40,8,False,False
8843896,gate_30,0,False,False
8848992,gate_40,313,True,False
8849208,gate_40,21,False,False
8851629,gate_30,4,False,False
8851698,gate_40,17,False,False
8854707,gate_30,42,True,False
8856132,gate_40,22,False,False
8857821,gate_30,32,True,False
8869211,gate_40,79,True,False
8869235,gate_30,8,False,False
8870167,gate_40,70,True,True
8871748,gate_30,50,True,True
8871789,gate_30,25,True,False
8872176,gate_40,6,False,False
8874105,gate_30,2,False,False
8874750,gate_30,98,True,False
8877200,gate_40,44,False,False
8881272,gate_30,42,True,False
8888002,gate_40,0,False,False
8890263,gate_30,18,False,False
8895481,gate_30,0,False,False
8896137,gate_40,4,False,False
8900797,gate_40,9,True,False
8911142,gate_30,7,True,False
8916595,gate_40,12,False,False
8920484,gate_40,93,False,True
8921843,gate_40,213,True,True
8924467,gate_30,12,False,True
8924949,gate_30,61,True,False
8928322,gate_40,16,False,False
8938956,gate_40,0,False,False
8939576,gate_30,64,True,False
8940893,gate_30,12,False,False
8946804,gate_40,8,False,False
8950151,gate_40,16,False,False
8962522,gate_30,6,False,False
8967389,gate_40,13,False,False
8971163,gate_30,15,True,False
8973569,gate_40,83,True,False
8978655,gate_40,7,False,False
8986373,gate_30,2,False,False
8992670,gate_40,19,False,False
8997363,gate_40,2,False,False
9009228,gate_30,9,False,False
9010925,gate_30,36,True,False
9012003,gate_30,7,False,False
9015303,gate_40,1,True,True
9020425,gate_30,4,False,False
9030195,gate_30,3,False,False
9034723,gate_40,106,True,True
9038632,gate_30,3,False,False
9038863,gate_30,379,False,True
9040584,gate_40,23,True,False
9041533,gate_40,7,False,False
9043357,gate_40,27,False,False
9049542,gate_40,7,False,False
9050315,gate_30,95,True,True
9057954,gate_40,53,False,True
9062136,gate_40,0,False,False
9068420,gate_40,220,True,False
9077442,gate_30,16,True,False
9078405,gate_40,264,True,True
9080383,gate_30,40,True,True
9089072,gate_30,2,False,False
9093176,gate_30,40,True,False
9096361,gate_30,18,False,True
9099990,gate_30,324,True,True
9102487,gate_40,408,True,True
9103651,gate_30,8,False,False
9108132,gate_40,14,False,False
9110324,gate_30,2,False,False
9112355,gate_40,12,False,False
9115287,gate_30,11,True,False
9116459,gate_30,5,False,False
9120167,gate_40,0,False,False
9122312,gate_30,66,False,False
9125830,gate_30,3,True,False
9126789,gate_30,18,False,False
9127154,gate_40,1,False,False
9127741,gate_40,17,False,False
9129919,gate_30,8,False,False
9132703,gate_40,38,False,True
9136203,gate_30,44,True,False
9136338,gate_40,107,True,False
9136833,gate_40,17,False,False
9137334,gate_30,207,True,True
9138789,gate_30,445,True,True
9143085,gate_30,3,False,False
9143151,gate_30,56,True,False
9150138,gate_40,46,True,False
9150628,gate_40,0,False,False
9151871,gate_30,12,False,False
9157447,gate_30,10,False,False
9159281,gate_30,5,False,False
9161433,gate_40,2,False,False
9165032,gate_40,9,False,False
9166029,gate_40,158,True,True
9166571,gate_30,17,True,False
9173768,gate_30,148,False,True
9174775,gate_30,8,True,False
9175657,gate_40,176,True,False
9181427,gate_40,1,False,False
9187252,gate_40,1,False,False
9188348,gate_40,4,False,False
9194475,gate_40,5,True,False
9200863,gate_40,45,True,False
9217630,gate_30,154,True,False
9220374,gate_30,25,True,False
9220708,gate_40,10,False,False
9225626,gate_30,1,False,False
9231492,gate_40,36,True,True
9233762,gate_30,2,False,False
9233999,gate_40,0,False,False
9237082,gate_40,44,True,False
9249203,gate_40,62,True,True
9251526,gate_40,37,True,False
9252535,gate_30,1,False,False
9253333,gate_30,69,True,True
9261747,gate_30,13,True,False
9266683,gate_40,97,True,False
9269812,gate_30,41,True,False
9272688,gate_30,1,False,False
9281044,gate_40,51,True,False
9281762,gate_30,9,True,True
9284904,gate_30,0,False,False
9287384,gate_30,69,True,False
9292751,gate_30,7,False,False
9292833,gate_30,28,False,False
9292907,gate_40,15,False,False
9293277,gate_30,21,True,False
9299816,gate_30,10,True,True
9303843,gate_30,9,True,False
9306186,gate_30,23,False,False
9307859,gate_30,41,True,True
9308146,gate_40,147,True,True
9310701,gate_30,2,False,False
9316795,gate_40,28,False,False
9318781,gate_40,16,False,False
9321495,gate_30,0,False,False
9327654,gate_40,31,False,False
9330083,gate_40,1,False,False
9335098,gate_40,16,True,False
9336370,gate_40,75,True,False
9337937,gate_40,28,False,False
9338402,gate_30,50,True,True
9342539,gate_30,38,True,False
9350464,gate_30,115,True,True
9363596,gate_30,20,False,False
9363968,gate_30,37,True,False
9364408,gate_40,0,False,False
9374096,gate_30,38,True,False
9383315,gate_40,35,True,False
9383704,gate_40,4,False,False
9384656,gate_30,81,True,False
9388170,gate_30,3,False,False
9395578,gate_40,8,False,False
9396843,gate_30,4,False,False
9398366,gate_30,32,True,False
9402686,gate_30,2,False,False
9411107,gate_30,24,False,False
9413302,gate_30,2,False,False
9417057,gate_30,2,False,False
9418236,gate_40,9,False,False
9422516,gate_30,6,True,False
9430554,gate_30,0,False,False
9435121,gate_40,57,True,True
9437944,gate_40,6,False,False
9447612,gate_40,1,False,False
9450276,gate_30,6,True,False
9451209,gate_30,2,False,False
9451460,gate_30,48,False,False
9452712,gate_40,8,False,False
9452797,gate_30,3,True,False
9459740,gate_30,9,False,False
9461362,gate_40,121,True,True
9463037,gate_40,25,False,False
9468705,gate_40,16,False,False
9470146,gate_40,2,False,False
9471840,gate_30,9,False,False
9471934,gate_40,2,False,False
9481405,gate_40,7,False,False
9494099,gate_30,19,True,False
9496113,gate_30,77,True,False
9500340,gate_40,45,True,False
9501668,gate_40,1,False,False
9503363,gate_40,220,True,False
9503874,gate_40,226,True,True
9505000,gate_30,118,False,True
9525752,gate_40,61,True,False
9528882,gate_30,76,True,True
9532575,gate_30,87,True,False
9533673,gate_30,15,False,False
9533674,gate_30,13,False,False
9542550,gate_40,1,False,False
9542910,gate_40,106,True,False
9549897,gate_30,2,False,False
9552477,gate_30,15,True,False
9555935,gate_40,4,True,False
9557249,gate_40,42,True,False
9558725,gate_30,0,False,False
9559310,gate_30,13,False,False
9567180,gate_40,9,False,False
9574627,gate_30,49,True,False
9577146,gate_40,1,False,False
9596722,gate_30,0,False,False
9604544,gate_40,51,True,True
9608062,gate_30,26,True,True
9612618,gate_40,30,True,False
9614449,gate_30,79,True,True
9615473,gate_30,6,False,False
9618997,gate_40,18,False,False
9620169,gate_30,15,True,False
9622099,gate_40,4,False,False
9623225,gate_40,10,False,False
9627608,gate_40,5,False,False
9628280,gate_40,18,False,False
9634727,gate_40,1,False,False
9635755,gate_30,122,False,True
9641095,gate_30,240,True,False
9644800,gate_40,0,False,False
9645595,gate_30,18,True,False
9646807,gate_30,80,True,True
9654911,gate_40,6,False,False
9657769,gate_30,23,True,False
9658026,gate_40,9,False,False
9660875,gate_40,50,True,True
9661572,gate_40,12,False,False
9667082,gate_40,38,False,False
9667199,gate_40,8,False,False
9668201,gate_30,27,True,False
9671093,gate_40,4,False,False
9685955,gate_40,15,True,False
9686757,gate_40,26,True,False
9687071,gate_40,330,True,True
9687353,gate_30,8,False,False
9691346,gate_40,30,True,False
9692745,gate_40,8,False,False
9693318,gate_40,20,True,False
9695588,gate_40,19,False,False
9705871,gate_30,2,False,False
9722808,gate_30,8,False,False
9723334,gate_30,62,True,False
9723784,gate_40,100,True,False
9724440,gate_40,29,False,False
9726337,gate_40,5,False,False
9736109,gate_30,2,False,False
9737193,gate_30,93,True,True
9737502,gate_30,3,False,False
9740566,gate_30,1,False,False
9740884,gate_30,14,True,False
9749104,gate_40,1,False,False
9756898,gate_30,226,True,True
9758761,gate_40,8,False,False
9759721,gate_40,37,False,False
9761499,gate_40,12,False,False
9761834,gate_40,305,True,True
9763227,gate_40,11,False,False
9770843,gate_30,26,True,False
9772549,gate_40,160,True,True
9774935,gate_40,8,False,False
9777906,gate_30,2,False,False
9783655,gate_30,75,True,False
9784339,gate_40,8,False,False
9791409,gate_30,5,False,False
9792090,gate_30,8,True,False
9793323,gate_30,0,False,False
9802580,gate_30,347,True,True
9810600,gate_40,36,False,False
9815920,gate_40,33,True,False
9816053,gate_30,6,True,False
9817051,gate_40,4,False,False
9819429,gate_30,77,True,False
9821869,gate_30,22,True,False
9822793,gate_40,9,False,False
9832530,gate_40,15,True,False
9834160,gate_30,3,False,False
9840171,gate_30,115,True,True
9841619,gate_30,17,False,False
9846226,gate_40,3,False,False
9851367,gate_40,4,False,False
9851694,gate_40,4,False,False
9852348,gate_30,34,True,False
9856777,gate_30,60,False,False
9857346,gate_30,47,True,False
9859255,gate_40,75,True,True
9862587,gate_30,0,False,False
9863078,gate_40,387,True,False
9863128,gate_30,5,False,False
9891760,gate_30,27,True,False
9893792,gate_30,92,False,False
9902612,gate_30,19,False,False
9903217,gate_30,7,False,False
9903875,gate_30,14,False,False
9909366,gate_40,2,False,False
9910760,gate_40,23,True,False
9915840,gate_40,0,False,False
9918706,gate_30,90,True,False
9918871,gate_40,14,False,False
9920021,gate_30,21,False,False
9924857,gate_30,4,False,False
9935215,gate_40,198,True,True
9940666,gate_40,3,False,False
9949709,gate_40,17,False,False
9958799,gate_40,5,False,False
9959012,gate_30,28,False,False
9963838,gate_40,31,True,False
9973876,gate_30,3,False,False
9975004,gate_30,13,False,False
9977405,gate_40,23,False,False
9981348,gate_30,0,False,False
9981998,gate_30,9,False,False
9984218,gate_30,1,False,False
9987669,gate_30,151,True,True
9989991,gate_40,1,False,False
9991949,gate_30,191,True,True
9996093,gate_40,23,False,True
9996140,gate_40,17,False,False
9998623,gate_30,7,False,False
